model,pressure,n,dry_mse,wet_mse,cross,mse,rmse,bias,bias_squared,centered_variance,dry_bias_squared,wet_bias_squared,dry_variance,wet_variance,centered_cross
ERA5,all,214251,0.411772325123607,18.748108561695116,0.6847542959690217,19.844635182787748,4.454731774505368,-0.2113056433255373,0.04465007490121919,19.799985107886528,0.003520567756703844,0.07324601815115497,0.4082517573669032,18.674862543543963,0.7168708069756613
ERA5,1000,13594,1.2473829555089593,54.75432949882617,0.5192052670814481,56.52091772141658,7.518039486556091,0.46077199486072457,0.2123108312479316,56.30860689016865,2.8324550082663236e-05,0.20743462370095386,1.2473546309588768,54.54689487512521,0.5143573840845529
ERA5,925,32894,0.773445943896017,41.78428001550679,1.8130712302643894,44.37079718966719,6.661140832445085,-0.4499797172170232,0.20248174590671214,44.168315443760484,0.01785373771432647,0.34058615486003563,0.7555922061816904,41.44369386064676,1.9690293769320395
ERA5,850,40413,0.5161132827188104,29.49337211436757,1.2139275134097756,31.223412910496158,5.587791416158638,-0.6783138117155547,0.460109627164085,30.76330328333207,0.006288499508691845,0.5739787785459783,0.5098247832101186,28.91939333582159,1.334085164300361
ERA5,700,42894,0.30999236448708334,13.789393465793538,0.6254282751372768,14.7248141054179,3.8372925488445495,-0.18309560446898138,0.03352400037586167,14.691290105042034,0.0034783952681817403,0.05859959215450929,0.3065139692189016,13.730793873639028,0.6539822621841062
ERA5,500,42591,0.173498378932292,2.6052221114962397,0.09697124503079875,2.875691735459331,1.6957864651716414,-0.03936743975959825,0.001549795313225597,2.8741419401461052,0.0014525361540910127,0.006003087188064959,0.17204584277820104,2.599219024308175,0.10287707305972911
ERA5,300,41865,0.10223359895913237,0.08746303318276617,-8.656666995162411e-05,0.18961006547194692,0.4354423790491079,0.004981499811647883,2.4815340373447894e-05,0.18958525013157346,0.0004489831018904487,0.0002626902378251498,0.10178461585724195,0.087200342944941,0.0006002913293905251
reference,all,214251,0.4710277628972116,18.804883170929322,0.50486272538025,19.780773659206783,4.447558168164503,0.05145769216388928,0.0026478940828335924,19.77812576512395,0.00026143121166788397,0.0012453034695924336,0.47076633168554366,18.803637867459727,0.5037215659786766
reference,1000,13594,1.3078179741960676,57.839480247348746,-1.691209329706221,57.45608889183858,7.579979478325689,0.9578086582374897,0.9173974257947004,56.538691466043886,0.0022125141691007153,1.0097155403062281,1.3056054600269669,56.829764707042514,-1.5966787010255927
reference,925,32894,0.7961624566951357,42.79483333447081,1.4636222840996262,45.05461807526557,6.712273688942188,-0.09870427464229548,0.009742533832661694,45.044875541432916,0.0008195679180163338,0.0049106707214825965,0.7953428887771194,42.78992266374933,1.4596099889064633
reference,850,40413,0.5349389145586979,28.239929830256596,1.2715007260177624,30.046369470833053,5.481456874849337,-0.16486883100379227,0.027181731436557013,30.019187739396497,0.0006855451680530268,0.019233782608400477,0.5342533693906449,28.220696047648197,1.2642383223576588
reference,700,42894,0.34711210661617314,13.503985556768725,0.6542495040332291,14.505347167418126,3.8085886056934695,0.04030095388273299,0.0016241668838581714,14.503723000534269,0.0008057409573966587,0.0001419762164269976,0.3463063656587764,13.5038435805523,0.6535730543231947
reference,500,42591,0.35363466921557823,2.5934386934163483,0.08881010788133284,3.0358834705132587,1.742378681720268,0.09679872175002652,0.009369992532439057,3.02651347798082,0.006504303536833562,0.00026080503506154115,0.34713036567874467,2.5931778883812866,0.0862052239207889
reference,300,41865,0.1285454815460144,0.09660800130761639,-0.005202349959006307,0.21995113289462445,0.4689894805799214,0.04926812629317105,0.002427348268439853,0.21752378462618457,0.0012011389006318447,0.00021347183639486918,0.12734434264538252,0.0963945294712215,-0.0062150874904194475
hgb_components_utc,all,214251,0.45039305155358944,18.954056329981995,0.5577319175011872,19.96218129903678,4.467905694957849,0.036734186079333576,0.0013494004269111047,19.96083189860986,0.0001896144088711239,0.0005273513259545955,0.4502034371447182,18.953528978656045,0.5570994828091017
hgb_components_utc,1000,13594,1.2626818325726317,58.32228810093842,-1.1535879031908212,58.431382030320236,7.644042257230152,1.0189895488838612,1.038339700734535,57.39304232958571,0.0037654307420560886,1.1671618582823595,1.2589164018305756,57.15512624265607,-1.0210003149009408
hgb_components_utc,925,32894,0.7788380343607441,43.24010698426204,1.5781561177815424,45.59710113640432,6.752562560717547,-0.140812165536003,0.019828065962938714,45.577273070441386,0.0005034346507868251,0.014012597081045153,0.7783345997099574,43.226094387180986,1.5728440835504356
hgb_components_utc,850,40413,0.5199171911810362,28.474121957260806,1.2767695334410927,30.270808681882933,5.501891373144597,-0.20507914836404315,0.04205745709372122,30.228751224789217,0.00047245359619934885,0.03361471089385802,0.5194447375848368,28.440507246366945,1.2687992408374287
hgb_components_utc,700,42894,0.33661882235155083,13.536355160086151,0.651140273370409,14.524114255808113,3.8110515944825667,0.01800166370795397,0.0003240598962542671,14.523790195911857,0.0007855157620114392,0.00010050845268717089,0.33583330658953936,13.536254651633467,0.6517022376888535
hgb_components_utc,500,42591,0.3116541994151931,2.594442676098988,0.09140549470756837,2.997502370221749,1.7313296538272973,0.08117964963355806,0.006590135514627243,2.9909122347071224,0.0047284908144199275,0.00015414779277912678,0.30692570860077323,2.5942885283062083,0.0896979978001402
hgb_components_utc,300,41865,0.11917261038371617,0.0931384750328972,-0.0037387266637629057,0.2085723587528504,0.45669722875538715,0.06468996415864317,0.004184791462846538,0.20438756729000393,0.0009202026489726856,0.0011802744074277552,0.11825240773474348,0.09195820062546944,-0.005823041070209005
hgb_components_no_utc,all,214251,0.45490341023072284,18.874399345753453,0.5679993438518882,19.897302099836065,4.4606392030555515,0.03371770178311872,0.0011368834135353273,19.896165216422535,0.00021518227989495562,0.00036284950897050295,0.45468822795082803,18.874036496244482,0.5674404922272184
hgb_components_no_utc,1000,13594,1.2735583589599566,57.17920374383074,-1.0077219389134224,57.44504016387727,7.5792506333988765,0.9148766247688326,0.8369992385484113,56.608040925328865,0.004359113923787972,0.9621652237164509,1.2691992450361684,56.217038520114286,-0.8781968398215952
hgb_components_no_utc,925,32894,0.7776393350773918,43.11398297691526,1.5578638241550096,45.44948613614766,6.7416234050967025,-0.11985731623777364,0.014365776255721677,45.43512035989193,0.0006568471345372328,0.008878970089828042,0.7769824879428546,43.105104006825435,1.5530338651236533
hgb_components_no_utc,850,40413,0.5212741475306006,28.511452017562508,1.2877272297242144,30.32045339481732,5.506401129123932,-0.19580775843654116,0.03834067826394286,30.282112716553378,0.0003370173833221126,0.03148840498314267,0.5209371301472785,28.47996361257936,1.2812119738267362
hgb_components_no_utc,700,42894,0.3372407221575869,13.56479581534129,0.6561497501003055,14.558186287599181,3.815519137365082,0.0146592938311225,0.00021489489562718616,14.557971392703552,0.000783231459720941,0.00017760836581063856,0.336457490697866,13.564618206975476,0.65689569503021
hgb_components_no_utc,500,42591,0.3318400932356559,2.5945222887805293,0.09489383717131465,3.0212562191875,1.7381761185758766,0.08402866102202992,0.007060815873155211,3.014195403314344,0.005394052736320342,0.00011203049480403795,0.3264460404993355,2.594410258285725,0.09333910452928383
hgb_components_no_utc,300,41865,0.11718220122354517,0.09049376807078599,-0.0018727937218575564,0.20580317557247363,0.4536553488855539,0.05817087157451992,0.0033838502997392893,0.20241932527273432,0.0009595434995868706,0.0007395338915661933,0.11622265772395833,0.0897542341792198,-0.0035575666304437817
