dataset,group,model,cluster,n,covered,width
COSMIC2,0.5-2,diagonal,data\revision2\raw\cosmic2\nrt\atmPrf\2024\atmPrf_nrt_2024_015.tar.gz,13574,8445,212959.863445563
COSMIC2,0.5-2,diagonal,data\revision2\raw\cosmic2\nrt\atmPrf\2024\atmPrf_nrt_2024_046.tar.gz,12422,7589,193974.7040623679
COSMIC2,0.5-2,diagonal,data\revision2\raw\cosmic2\nrt\atmPrf\2024\atmPrf_nrt_2024_075.tar.gz,13543,8283,223871.2197858892
COSMIC2,0.5-2,diagonal,data\revision2\raw\cosmic2\nrt\atmPrf\2024\atmPrf_nrt_2024_106.tar.gz,15745,9605,253418.98606179075
COSMIC2,0.5-2,diagonal,data\revision2\raw\cosmic2\nrt\atmPrf\2024\atmPrf_nrt_2024_136.tar.gz,15486,9838,251281.7829332432
COSMIC2,0.5-2,diagonal,data\revision2\raw\cosmic2\nrt\atmPrf\2024\atmPrf_nrt_2024_167.tar.gz,16032,9779,262324.48918797704
COSMIC2,0.5-2,diagonal,data\revision2\raw\cosmic2\nrt\atmPrf\2024\atmPrf_nrt_2024_197.tar.gz,11475,7280,182607.55637881995
COSMIC2,0.5-2,diagonal,data\revision2\raw\cosmic2\nrt\atmPrf\2024\atmPrf_nrt_2024_228.tar.gz,14448,8917,227774.58485331075
COSMIC2,0.5-2,diagonal,data\revision2\raw\cosmic2\nrt\atmPrf\2024\atmPrf_nrt_2024_259.tar.gz,16828,10517,263026.4580610825
COSMIC2,0.5-2,diagonal,data\revision2\raw\cosmic2\nrt\atmPrf\2024\atmPrf_nrt_2024_289.tar.gz,18161,11288,283854.81151166756
COSMIC2,0.5-2,diagonal,data\revision2\raw\cosmic2\nrt\atmPrf\2024\atmPrf_nrt_2024_320.tar.gz,17217,10610,267510.55927883147
COSMIC2,0.5-2,diagonal,data\revision2\raw\cosmic2\nrt\atmPrf\2024\atmPrf_nrt_2024_350.tar.gz,19471,12219,295056.4744329438
COSMIC2,0.5-2,diagonal,data\revision2\raw\cosmic2\nrt\atmPrf\2025\atmPrf_nrt_2025_015.tar.gz,19288,12090,304449.98553278786
COSMIC2,0.5-2,diagonal,data\revision2\raw\cosmic2\nrt\atmPrf\2025\atmPrf_nrt_2025_046.tar.gz,18139,11330,291309.0265274189
COSMIC2,0.5-2,diagonal,data\revision2\raw\cosmic2\nrt\atmPrf\2025\atmPrf_nrt_2025_074.tar.gz,14597,9289,240218.70085181177
COSMIC2,0.5-2,diagonal,data\revision2\raw\cosmic2\nrt\atmPrf\2025\atmPrf_nrt_2025_105.tar.gz,11013,7048,178771.46077629694
COSMIC2,0.5-2,diagonal,data\revision2\raw\cosmic2\nrt\atmPrf\2025\atmPrf_nrt_2025_135.tar.gz,20413,13264,333578.66673950583
COSMIC2,0.5-2,diagonal,data\revision2\raw\cosmic2\nrt\atmPrf\2025\atmPrf_nrt_2025_166.tar.gz,16506,10367,266734.34832176194
COSMIC2,0.5-2,diagonal,data\revision2\raw\cosmic2\nrt\atmPrf\2025\atmPrf_nrt_2025_196.tar.gz,11168,7274,180535.08203189113
COSMIC2,0.5-2,diagonal,data\revision2\raw\cosmic2\nrt\atmPrf\2025\atmPrf_nrt_2025_227.tar.gz,13552,8639,214804.67290797253
COSMIC2,0.5-2,diagonal,data\revision2\raw\cosmic2\nrt\atmPrf\2025\atmPrf_nrt_2025_258.tar.gz,17406,11160,275426.69411402545
COSMIC2,0.5-2,diagonal,data\revision2\raw\cosmic2\nrt\atmPrf\2025\atmPrf_nrt_2025_288.tar.gz,14709,9527,231089.33438544508
COSMIC2,0.5-2,diagonal,data\revision2\raw\cosmic2\nrt\atmPrf\2025\atmPrf_nrt_2025_319.tar.gz,12665,7789,192687.2415380678
COSMIC2,0.5-2,diagonal,data\revision2\raw\cosmic2\nrt\atmPrf\2025\atmPrf_nrt_2025_349.tar.gz,15875,9877,242099.6267489211
COSMIC2,0.5-2,reference,data\revision2\raw\cosmic2\nrt\atmPrf\2024\atmPrf_nrt_2024_015.tar.gz,13574,8622,220205.78255788094
COSMIC2,0.5-2,reference,data\revision2\raw\cosmic2\nrt\atmPrf\2024\atmPrf_nrt_2024_046.tar.gz,12422,7746,200523.11838406147
COSMIC2,0.5-2,reference,data\revision2\raw\cosmic2\nrt\atmPrf\2024\atmPrf_nrt_2024_075.tar.gz,13543,8447,231386.03627138963
COSMIC2,0.5-2,reference,data\revision2\raw\cosmic2\nrt\atmPrf\2024\atmPrf_nrt_2024_106.tar.gz,15745,9821,261959.08621854315
COSMIC2,0.5-2,reference,data\revision2\raw\cosmic2\nrt\atmPrf\2024\atmPrf_nrt_2024_136.tar.gz,15486,10043,259771.71880133133
COSMIC2,0.5-2,reference,data\revision2\raw\cosmic2\nrt\atmPrf\2024\atmPrf_nrt_2024_167.tar.gz,16032,10011,271089.3054783664
COSMIC2,0.5-2,reference,data\revision2\raw\cosmic2\nrt\atmPrf\2024\atmPrf_nrt_2024_197.tar.gz,11475,7422,188724.31710330004
COSMIC2,0.5-2,reference,data\revision2\raw\cosmic2\nrt\atmPrf\2024\atmPrf_nrt_2024_228.tar.gz,14448,9115,235433.39041198426
COSMIC2,0.5-2,reference,data\revision2\raw\cosmic2\nrt\atmPrf\2024\atmPrf_nrt_2024_259.tar.gz,16828,10745,271835.5914953191
COSMIC2,0.5-2,reference,data\revision2\raw\cosmic2\nrt\atmPrf\2024\atmPrf_nrt_2024_289.tar.gz,18161,11516,293449.2645196912
COSMIC2,0.5-2,reference,data\revision2\raw\cosmic2\nrt\atmPrf\2024\atmPrf_nrt_2024_320.tar.gz,17217,10825,276478.73241342534
COSMIC2,0.5-2,reference,data\revision2\raw\cosmic2\nrt\atmPrf\2024\atmPrf_nrt_2024_350.tar.gz,19471,12521,305138.26876250585
COSMIC2,0.5-2,reference,data\revision2\raw\cosmic2\nrt\atmPrf\2025\atmPrf_nrt_2025_015.tar.gz,19288,12351,314753.8459533639
COSMIC2,0.5-2,reference,data\revision2\raw\cosmic2\nrt\atmPrf\2025\atmPrf_nrt_2025_046.tar.gz,18139,11596,301079.5227352489
COSMIC2,0.5-2,reference,data\revision2\raw\cosmic2\nrt\atmPrf\2025\atmPrf_nrt_2025_074.tar.gz,14597,9471,248270.6239730123
COSMIC2,0.5-2,reference,data\revision2\raw\cosmic2\nrt\atmPrf\2025\atmPrf_nrt_2025_105.tar.gz,11013,7194,184763.81173622565
COSMIC2,0.5-2,reference,data\revision2\raw\cosmic2\nrt\atmPrf\2025\atmPrf_nrt_2025_135.tar.gz,20413,13530,344748.6170615564
COSMIC2,0.5-2,reference,data\revision2\raw\cosmic2\nrt\atmPrf\2025\atmPrf_nrt_2025_166.tar.gz,16506,10565,275695.7685774228
COSMIC2,0.5-2,reference,data\revision2\raw\cosmic2\nrt\atmPrf\2025\atmPrf_nrt_2025_196.tar.gz,11168,7419,186596.55097999325
COSMIC2,0.5-2,reference,data\revision2\raw\cosmic2\nrt\atmPrf\2025\atmPrf_nrt_2025_227.tar.gz,13552,8828,222107.31313710922
COSMIC2,0.5-2,reference,data\revision2\raw\cosmic2\nrt\atmPrf\2025\atmPrf_nrt_2025_258.tar.gz,17406,11406,284719.9758821481
COSMIC2,0.5-2,reference,data\revision2\raw\cosmic2\nrt\atmPrf\2025\atmPrf_nrt_2025_288.tar.gz,14709,9735,238874.37178210064
COSMIC2,0.5-2,reference,data\revision2\raw\cosmic2\nrt\atmPrf\2025\atmPrf_nrt_2025_319.tar.gz,12665,7963,199266.78682819594
COSMIC2,0.5-2,reference,data\revision2\raw\cosmic2\nrt\atmPrf\2025\atmPrf_nrt_2025_349.tar.gz,15875,10091,250248.07455921455
COSMIC2,2-5,diagonal,data\revision2\raw\cosmic2\nrt\atmPrf\2024\atmPrf_nrt_2024_015.tar.gz,26210,18508,259528.09257138355
COSMIC2,2-5,diagonal,data\revision2\raw\cosmic2\nrt\atmPrf\2024\atmPrf_nrt_2024_046.tar.gz,24178,16306,238449.82034530767
COSMIC2,2-5,diagonal,data\revision2\raw\cosmic2\nrt\atmPrf\2024\atmPrf_nrt_2024_075.tar.gz,26406,18182,275300.7086424695
COSMIC2,2-5,diagonal,data\revision2\raw\cosmic2\nrt\atmPrf\2024\atmPrf_nrt_2024_106.tar.gz,30002,20611,305975.455569882
COSMIC2,2-5,diagonal,data\revision2\raw\cosmic2\nrt\atmPrf\2024\atmPrf_nrt_2024_136.tar.gz,29483,20366,306032.50575402466
COSMIC2,2-5,diagonal,data\revision2\raw\cosmic2\nrt\atmPrf\2024\atmPrf_nrt_2024_167.tar.gz,31148,22078,311296.4821866889
COSMIC2,2-5,diagonal,data\revision2\raw\cosmic2\nrt\atmPrf\2024\atmPrf_nrt_2024_197.tar.gz,22009,15653,212017.54022488312
COSMIC2,2-5,diagonal,data\revision2\raw\cosmic2\nrt\atmPrf\2024\atmPrf_nrt_2024_228.tar.gz,27603,19020,260652.8121462284
COSMIC2,2-5,diagonal,data\revision2\raw\cosmic2\nrt\atmPrf\2024\atmPrf_nrt_2024_259.tar.gz,32524,20972,313621.4583630535
COSMIC2,2-5,diagonal,data\revision2\raw\cosmic2\nrt\atmPrf\2024\atmPrf_nrt_2024_289.tar.gz,35012,23884,347871.54336168384
COSMIC2,2-5,diagonal,data\revision2\raw\cosmic2\nrt\atmPrf\2024\atmPrf_nrt_2024_320.tar.gz,33121,22624,324099.22524772526
COSMIC2,2-5,diagonal,data\revision2\raw\cosmic2\nrt\atmPrf\2024\atmPrf_nrt_2024_350.tar.gz,37283,25960,367050.8832252752
COSMIC2,2-5,diagonal,data\revision2\raw\cosmic2\nrt\atmPrf\2025\atmPrf_nrt_2025_015.tar.gz,37216,25901,373846.35508968536
COSMIC2,2-5,diagonal,data\revision2\raw\cosmic2\nrt\atmPrf\2025\atmPrf_nrt_2025_046.tar.gz,34905,24660,358981.36759262934
COSMIC2,2-5,diagonal,data\revision2\raw\cosmic2\nrt\atmPrf\2025\atmPrf_nrt_2025_074.tar.gz,28004,19952,294623.9402905632
COSMIC2,2-5,diagonal,data\revision2\raw\cosmic2\nrt\atmPrf\2025\atmPrf_nrt_2025_105.tar.gz,21150,15302,220151.77596744534
COSMIC2,2-5,diagonal,data\revision2\raw\cosmic2\nrt\atmPrf\2025\atmPrf_nrt_2025_135.tar.gz,38916,27815,406034.0354236938
COSMIC2,2-5,diagonal,data\revision2\raw\cosmic2\nrt\atmPrf\2025\atmPrf_nrt_2025_166.tar.gz,31892,22534,321057.17642550974
COSMIC2,2-5,diagonal,data\revision2\raw\cosmic2\nrt\atmPrf\2025\atmPrf_nrt_2025_196.tar.gz,21340,14966,211518.6930512362
COSMIC2,2-5,diagonal,data\revision2\raw\cosmic2\nrt\atmPrf\2025\atmPrf_nrt_2025_227.tar.gz,26090,18241,256674.68594952516
COSMIC2,2-5,diagonal,data\revision2\raw\cosmic2\nrt\atmPrf\2025\atmPrf_nrt_2025_258.tar.gz,33228,22993,325119.5918574714
COSMIC2,2-5,diagonal,data\revision2\raw\cosmic2\nrt\atmPrf\2025\atmPrf_nrt_2025_288.tar.gz,28123,19674,279783.5046775819
COSMIC2,2-5,diagonal,data\revision2\raw\cosmic2\nrt\atmPrf\2025\atmPrf_nrt_2025_319.tar.gz,24012,16875,229600.26646005965
COSMIC2,2-5,diagonal,data\revision2\raw\cosmic2\nrt\atmPrf\2025\atmPrf_nrt_2025_349.tar.gz,30345,21318,292363.320904241
COSMIC2,2-5,reference,data\revision2\raw\cosmic2\nrt\atmPrf\2024\atmPrf_nrt_2024_015.tar.gz,26210,18813,266162.37359917216
COSMIC2,2-5,reference,data\revision2\raw\cosmic2\nrt\atmPrf\2024\atmPrf_nrt_2024_046.tar.gz,24178,16584,244684.7988220323
COSMIC2,2-5,reference,data\revision2\raw\cosmic2\nrt\atmPrf\2024\atmPrf_nrt_2024_075.tar.gz,26406,18513,282436.5360003741
COSMIC2,2-5,reference,data\revision2\raw\cosmic2\nrt\atmPrf\2024\atmPrf_nrt_2024_106.tar.gz,30002,20966,314111.1550115986
COSMIC2,2-5,reference,data\revision2\raw\cosmic2\nrt\atmPrf\2024\atmPrf_nrt_2024_136.tar.gz,29483,20743,314065.77543084696
COSMIC2,2-5,reference,data\revision2\raw\cosmic2\nrt\atmPrf\2024\atmPrf_nrt_2024_167.tar.gz,31148,22492,319560.5174767298
COSMIC2,2-5,reference,data\revision2\raw\cosmic2\nrt\atmPrf\2024\atmPrf_nrt_2024_197.tar.gz,22009,15919,217570.40699432776
COSMIC2,2-5,reference,data\revision2\raw\cosmic2\nrt\atmPrf\2024\atmPrf_nrt_2024_228.tar.gz,27603,19364,267541.8664903074
COSMIC2,2-5,reference,data\revision2\raw\cosmic2\nrt\atmPrf\2024\atmPrf_nrt_2024_259.tar.gz,32524,21393,321724.4440711283
COSMIC2,2-5,reference,data\revision2\raw\cosmic2\nrt\atmPrf\2024\atmPrf_nrt_2024_289.tar.gz,35012,24300,356946.82265486685
COSMIC2,2-5,reference,data\revision2\raw\cosmic2\nrt\atmPrf\2024\atmPrf_nrt_2024_320.tar.gz,33121,23023,332637.1214960196
COSMIC2,2-5,reference,data\revision2\raw\cosmic2\nrt\atmPrf\2024\atmPrf_nrt_2024_350.tar.gz,37283,26410,376517.26035835256
COSMIC2,2-5,reference,data\revision2\raw\cosmic2\nrt\atmPrf\2025\atmPrf_nrt_2025_015.tar.gz,37216,26336,383466.6748368133
COSMIC2,2-5,reference,data\revision2\raw\cosmic2\nrt\atmPrf\2025\atmPrf_nrt_2025_046.tar.gz,34905,25048,368130.3779533457
COSMIC2,2-5,reference,data\revision2\raw\cosmic2\nrt\atmPrf\2025\atmPrf_nrt_2025_074.tar.gz,28004,20317,302306.9623352901
COSMIC2,2-5,reference,data\revision2\raw\cosmic2\nrt\atmPrf\2025\atmPrf_nrt_2025_105.tar.gz,21150,15568,225853.71421410068
COSMIC2,2-5,reference,data\revision2\raw\cosmic2\nrt\atmPrf\2025\atmPrf_nrt_2025_135.tar.gz,38916,28246,416663.8050189017
COSMIC2,2-5,reference,data\revision2\raw\cosmic2\nrt\atmPrf\2025\atmPrf_nrt_2025_166.tar.gz,31892,22885,329314.27781663276
COSMIC2,2-5,reference,data\revision2\raw\cosmic2\nrt\atmPrf\2025\atmPrf_nrt_2025_196.tar.gz,21340,15204,216961.48176408393
COSMIC2,2-5,reference,data\revision2\raw\cosmic2\nrt\atmPrf\2025\atmPrf_nrt_2025_227.tar.gz,26090,18577,263296.3608606905
COSMIC2,2-5,reference,data\revision2\raw\cosmic2\nrt\atmPrf\2025\atmPrf_nrt_2025_258.tar.gz,33228,23379,333522.0661518679
COSMIC2,2-5,reference,data\revision2\raw\cosmic2\nrt\atmPrf\2025\atmPrf_nrt_2025_288.tar.gz,28123,20002,286910.605691637
COSMIC2,2-5,reference,data\revision2\raw\cosmic2\nrt\atmPrf\2025\atmPrf_nrt_2025_319.tar.gz,24012,17161,235515.06976805165
COSMIC2,2-5,reference,data\revision2\raw\cosmic2\nrt\atmPrf\2025\atmPrf_nrt_2025_349.tar.gz,30345,21694,299963.81676083716
COSMIC2,5-9,diagonal,data\revision2\raw\cosmic2\nrt\atmPrf\2024\atmPrf_nrt_2024_015.tar.gz,35716,23174,119325.87592292356
COSMIC2,5-9,diagonal,data\revision2\raw\cosmic2\nrt\atmPrf\2024\atmPrf_nrt_2024_046.tar.gz,32838,19489,114340.55321465773
COSMIC2,5-9,diagonal,data\revision2\raw\cosmic2\nrt\atmPrf\2024\atmPrf_nrt_2024_075.tar.gz,35887,22778,130326.56091833857
COSMIC2,5-9,diagonal,data\revision2\raw\cosmic2\nrt\atmPrf\2024\atmPrf_nrt_2024_106.tar.gz,40852,26340,151190.65453586
COSMIC2,5-9,diagonal,data\revision2\raw\cosmic2\nrt\atmPrf\2024\atmPrf_nrt_2024_136.tar.gz,40071,25754,146837.74871084973
COSMIC2,5-9,diagonal,data\revision2\raw\cosmic2\nrt\atmPrf\2024\atmPrf_nrt_2024_167.tar.gz,42422,27089,149128.0692006302
COSMIC2,5-9,diagonal,data\revision2\raw\cosmic2\nrt\atmPrf\2024\atmPrf_nrt_2024_197.tar.gz,29932,18321,99856.93961394006
COSMIC2,5-9,diagonal,data\revision2\raw\cosmic2\nrt\atmPrf\2024\atmPrf_nrt_2024_228.tar.gz,37489,22563,124063.56333808611
COSMIC2,5-9,diagonal,data\revision2\raw\cosmic2\nrt\atmPrf\2024\atmPrf_nrt_2024_259.tar.gz,44270,25981,146242.44075850595
COSMIC2,5-9,diagonal,data\revision2\raw\cosmic2\nrt\atmPrf\2024\atmPrf_nrt_2024_289.tar.gz,47444,29352,162484.57840573287
COSMIC2,5-9,diagonal,data\revision2\raw\cosmic2\nrt\atmPrf\2024\atmPrf_nrt_2024_320.tar.gz,45063,28157,155768.22066953662
COSMIC2,5-9,diagonal,data\revision2\raw\cosmic2\nrt\atmPrf\2024\atmPrf_nrt_2024_350.tar.gz,50574,32243,172764.02305455654
COSMIC2,5-9,diagonal,data\revision2\raw\cosmic2\nrt\atmPrf\2025\atmPrf_nrt_2025_015.tar.gz,50508,31871,173278.16470083682
COSMIC2,5-9,diagonal,data\revision2\raw\cosmic2\nrt\atmPrf\2025\atmPrf_nrt_2025_046.tar.gz,47362,30323,162873.16106050994
COSMIC2,5-9,diagonal,data\revision2\raw\cosmic2\nrt\atmPrf\2025\atmPrf_nrt_2025_074.tar.gz,38111,24864,138699.78234614545
COSMIC2,5-9,diagonal,data\revision2\raw\cosmic2\nrt\atmPrf\2025\atmPrf_nrt_2025_105.tar.gz,28812,18424,103223.85944929911
COSMIC2,5-9,diagonal,data\revision2\raw\cosmic2\nrt\atmPrf\2025\atmPrf_nrt_2025_135.tar.gz,52899,33925,191460.06683093027
COSMIC2,5-9,diagonal,data\revision2\raw\cosmic2\nrt\atmPrf\2025\atmPrf_nrt_2025_166.tar.gz,43315,27694,144491.8938674589
COSMIC2,5-9,diagonal,data\revision2\raw\cosmic2\nrt\atmPrf\2025\atmPrf_nrt_2025_196.tar.gz,28967,18292,95268.1818852924
COSMIC2,5-9,diagonal,data\revision2\raw\cosmic2\nrt\atmPrf\2025\atmPrf_nrt_2025_227.tar.gz,35408,22419,116022.45242611195
COSMIC2,5-9,diagonal,data\revision2\raw\cosmic2\nrt\atmPrf\2025\atmPrf_nrt_2025_258.tar.gz,45074,27960,147549.8046457073
COSMIC2,5-9,diagonal,data\revision2\raw\cosmic2\nrt\atmPrf\2025\atmPrf_nrt_2025_288.tar.gz,38214,24303,125843.96796888998
COSMIC2,5-9,diagonal,data\revision2\raw\cosmic2\nrt\atmPrf\2025\atmPrf_nrt_2025_319.tar.gz,32628,20884,105256.47382102422
COSMIC2,5-9,diagonal,data\revision2\raw\cosmic2\nrt\atmPrf\2025\atmPrf_nrt_2025_349.tar.gz,41160,26804,137401.20504736927
COSMIC2,5-9,reference,data\revision2\raw\cosmic2\nrt\atmPrf\2024\atmPrf_nrt_2024_015.tar.gz,35716,23669,122133.31073168389
COSMIC2,5-9,reference,data\revision2\raw\cosmic2\nrt\atmPrf\2024\atmPrf_nrt_2024_046.tar.gz,32838,19894,116998.33852696673
COSMIC2,5-9,reference,data\revision2\raw\cosmic2\nrt\atmPrf\2024\atmPrf_nrt_2024_075.tar.gz,35887,23250,133318.58267145394
COSMIC2,5-9,reference,data\revision2\raw\cosmic2\nrt\atmPrf\2024\atmPrf_nrt_2024_106.tar.gz,40852,26864,154568.5762170411
COSMIC2,5-9,reference,data\revision2\raw\cosmic2\nrt\atmPrf\2024\atmPrf_nrt_2024_136.tar.gz,40071,26260,150200.6886815478
COSMIC2,5-9,reference,data\revision2\raw\cosmic2\nrt\atmPrf\2024\atmPrf_nrt_2024_167.tar.gz,42422,27665,152559.83282591353
COSMIC2,5-9,reference,data\revision2\raw\cosmic2\nrt\atmPrf\2024\atmPrf_nrt_2024_197.tar.gz,29932,18668,102175.12274662522
COSMIC2,5-9,reference,data\revision2\raw\cosmic2\nrt\atmPrf\2024\atmPrf_nrt_2024_228.tar.gz,37489,23040,126916.37961305352
COSMIC2,5-9,reference,data\revision2\raw\cosmic2\nrt\atmPrf\2024\atmPrf_nrt_2024_259.tar.gz,44270,26511,149640.3565164196
COSMIC2,5-9,reference,data\revision2\raw\cosmic2\nrt\atmPrf\2024\atmPrf_nrt_2024_289.tar.gz,47444,29953,166141.20719359608
COSMIC2,5-9,reference,data\revision2\raw\cosmic2\nrt\atmPrf\2024\atmPrf_nrt_2024_320.tar.gz,45063,28756,159239.15924030507
COSMIC2,5-9,reference,data\revision2\raw\cosmic2\nrt\atmPrf\2024\atmPrf_nrt_2024_350.tar.gz,50574,32882,176680.3875917887
COSMIC2,5-9,reference,data\revision2\raw\cosmic2\nrt\atmPrf\2025\atmPrf_nrt_2025_015.tar.gz,50508,32525,177213.19791890853
COSMIC2,5-9,reference,data\revision2\raw\cosmic2\nrt\atmPrf\2025\atmPrf_nrt_2025_046.tar.gz,47362,30906,166582.56145640835
COSMIC2,5-9,reference,data\revision2\raw\cosmic2\nrt\atmPrf\2025\atmPrf_nrt_2025_074.tar.gz,38111,25350,141797.1034231368
COSMIC2,5-9,reference,data\revision2\raw\cosmic2\nrt\atmPrf\2025\atmPrf_nrt_2025_105.tar.gz,28812,18786,105543.64872640239
COSMIC2,5-9,reference,data\revision2\raw\cosmic2\nrt\atmPrf\2025\atmPrf_nrt_2025_135.tar.gz,52899,34586,195811.29074361493
COSMIC2,5-9,reference,data\revision2\raw\cosmic2\nrt\atmPrf\2025\atmPrf_nrt_2025_166.tar.gz,43315,28304,147913.55176322977
COSMIC2,5-9,reference,data\revision2\raw\cosmic2\nrt\atmPrf\2025\atmPrf_nrt_2025_196.tar.gz,28967,18660,97509.52514995149
COSMIC2,5-9,reference,data\revision2\raw\cosmic2\nrt\atmPrf\2025\atmPrf_nrt_2025_227.tar.gz,35408,22907,118721.4191591887
COSMIC2,5-9,reference,data\revision2\raw\cosmic2\nrt\atmPrf\2025\atmPrf_nrt_2025_258.tar.gz,45074,28529,150953.58925538583
COSMIC2,5-9,reference,data\revision2\raw\cosmic2\nrt\atmPrf\2025\atmPrf_nrt_2025_288.tar.gz,38214,24784,128679.25663229854
COSMIC2,5-9,reference,data\revision2\raw\cosmic2\nrt\atmPrf\2025\atmPrf_nrt_2025_319.tar.gz,32628,21286,107670.66011160759
COSMIC2,5-9,reference,data\revision2\raw\cosmic2\nrt\atmPrf\2025\atmPrf_nrt_2025_349.tar.gz,41160,27371,140491.17279769338
COSMIC2,all,diagonal,data\revision2\raw\cosmic2\nrt\atmPrf\2024\atmPrf_nrt_2024_015.tar.gz,75500,50127,591813.8319398701
COSMIC2,all,diagonal,data\revision2\raw\cosmic2\nrt\atmPrf\2024\atmPrf_nrt_2024_046.tar.gz,69438,43384,546765.0776223333
COSMIC2,all,diagonal,data\revision2\raw\cosmic2\nrt\atmPrf\2024\atmPrf_nrt_2024_075.tar.gz,75836,49243,629498.4893466972
COSMIC2,all,diagonal,data\revision2\raw\cosmic2\nrt\atmPrf\2024\atmPrf_nrt_2024_106.tar.gz,86599,56556,710585.0961675327
COSMIC2,all,diagonal,data\revision2\raw\cosmic2\nrt\atmPrf\2024\atmPrf_nrt_2024_136.tar.gz,85040,55958,704152.0373981176
COSMIC2,all,diagonal,data\revision2\raw\cosmic2\nrt\atmPrf\2024\atmPrf_nrt_2024_167.tar.gz,89602,58946,722749.0405752962
COSMIC2,all,diagonal,data\revision2\raw\cosmic2\nrt\atmPrf\2024\atmPrf_nrt_2024_197.tar.gz,63416,41254,494482.0362176431
COSMIC2,all,diagonal,data\revision2\raw\cosmic2\nrt\atmPrf\2024\atmPrf_nrt_2024_228.tar.gz,79540,50500,612490.9603376252
COSMIC2,all,diagonal,data\revision2\raw\cosmic2\nrt\atmPrf\2024\atmPrf_nrt_2024_259.tar.gz,93622,57470,722890.357182642
COSMIC2,all,diagonal,data\revision2\raw\cosmic2\nrt\atmPrf\2024\atmPrf_nrt_2024_289.tar.gz,100617,64524,794210.9332790843
COSMIC2,all,diagonal,data\revision2\raw\cosmic2\nrt\atmPrf\2024\atmPrf_nrt_2024_320.tar.gz,95401,61391,747378.0051960933
COSMIC2,all,diagonal,data\revision2\raw\cosmic2\nrt\atmPrf\2024\atmPrf_nrt_2024_350.tar.gz,107328,70422,834871.3807127755
COSMIC2,all,diagonal,data\revision2\raw\cosmic2\nrt\atmPrf\2025\atmPrf_nrt_2025_015.tar.gz,107012,69862,851574.50532331
COSMIC2,all,diagonal,data\revision2\raw\cosmic2\nrt\atmPrf\2025\atmPrf_nrt_2025_046.tar.gz,100406,66313,813163.5551805581
COSMIC2,all,diagonal,data\revision2\raw\cosmic2\nrt\atmPrf\2025\atmPrf_nrt_2025_074.tar.gz,80712,54105,673542.4234885204
COSMIC2,all,diagonal,data\revision2\raw\cosmic2\nrt\atmPrf\2025\atmPrf_nrt_2025_105.tar.gz,60975,40774,502147.09619304136
COSMIC2,all,diagonal,data\revision2\raw\cosmic2\nrt\atmPrf\2025\atmPrf_nrt_2025_135.tar.gz,112228,75004,931072.7689941298
COSMIC2,all,diagonal,data\revision2\raw\cosmic2\nrt\atmPrf\2025\atmPrf_nrt_2025_166.tar.gz,91713,60595,732283.4186147306
COSMIC2,all,diagonal,data\revision2\raw\cosmic2\nrt\atmPrf\2025\atmPrf_nrt_2025_196.tar.gz,61475,40532,487321.9569684197
COSMIC2,all,diagonal,data\revision2\raw\cosmic2\nrt\atmPrf\2025\atmPrf_nrt_2025_227.tar.gz,75050,49299,587501.8112836096
COSMIC2,all,diagonal,data\revision2\raw\cosmic2\nrt\atmPrf\2025\atmPrf_nrt_2025_258.tar.gz,95708,62113,748096.0906172041
COSMIC2,all,diagonal,data\revision2\raw\cosmic2\nrt\atmPrf\2025\atmPrf_nrt_2025_288.tar.gz,81046,53504,636716.8070319169
COSMIC2,all,diagonal,data\revision2\raw\cosmic2\nrt\atmPrf\2025\atmPrf_nrt_2025_319.tar.gz,69305,45548,527543.9818191517
COSMIC2,all,diagonal,data\revision2\raw\cosmic2\nrt\atmPrf\2025\atmPrf_nrt_2025_349.tar.gz,87380,57999,671864.1527005314
COSMIC2,all,reference,data\revision2\raw\cosmic2\nrt\atmPrf\2024\atmPrf_nrt_2024_015.tar.gz,75500,51104,608501.4668887369
COSMIC2,all,reference,data\revision2\raw\cosmic2\nrt\atmPrf\2024\atmPrf_nrt_2024_046.tar.gz,69438,44224,562206.2557330604
COSMIC2,all,reference,data\revision2\raw\cosmic2\nrt\atmPrf\2024\atmPrf_nrt_2024_075.tar.gz,75836,50210,647141.1549432176
COSMIC2,all,reference,data\revision2\raw\cosmic2\nrt\atmPrf\2024\atmPrf_nrt_2024_106.tar.gz,86599,57651,730638.8174471828
COSMIC2,all,reference,data\revision2\raw\cosmic2\nrt\atmPrf\2024\atmPrf_nrt_2024_136.tar.gz,85040,57046,724038.1829137261
COSMIC2,all,reference,data\revision2\raw\cosmic2\nrt\atmPrf\2024\atmPrf_nrt_2024_167.tar.gz,89602,60168,743209.6557810097
COSMIC2,all,reference,data\revision2\raw\cosmic2\nrt\atmPrf\2024\atmPrf_nrt_2024_197.tar.gz,63416,42009,508469.846844253
COSMIC2,all,reference,data\revision2\raw\cosmic2\nrt\atmPrf\2024\atmPrf_nrt_2024_228.tar.gz,79540,51519,629891.6365153452
COSMIC2,all,reference,data\revision2\raw\cosmic2\nrt\atmPrf\2024\atmPrf_nrt_2024_259.tar.gz,93622,58649,743200.392082867
COSMIC2,all,reference,data\revision2\raw\cosmic2\nrt\atmPrf\2024\atmPrf_nrt_2024_289.tar.gz,100617,65769,816537.2943681541
COSMIC2,all,reference,data\revision2\raw\cosmic2\nrt\atmPrf\2024\atmPrf_nrt_2024_320.tar.gz,95401,62604,768355.0131497501
COSMIC2,all,reference,data\revision2\raw\cosmic2\nrt\atmPrf\2024\atmPrf_nrt_2024_350.tar.gz,107328,71813,858335.9167126471
COSMIC2,all,reference,data\revision2\raw\cosmic2\nrt\atmPrf\2025\atmPrf_nrt_2025_015.tar.gz,107012,71212,875433.7187090857
COSMIC2,all,reference,data\revision2\raw\cosmic2\nrt\atmPrf\2025\atmPrf_nrt_2025_046.tar.gz,100406,67550,835792.4621450029
COSMIC2,all,reference,data\revision2\raw\cosmic2\nrt\atmPrf\2025\atmPrf_nrt_2025_074.tar.gz,80712,55138,692374.6897314392
COSMIC2,all,reference,data\revision2\raw\cosmic2\nrt\atmPrf\2025\atmPrf_nrt_2025_105.tar.gz,60975,41548,516161.1746767287
COSMIC2,all,reference,data\revision2\raw\cosmic2\nrt\atmPrf\2025\atmPrf_nrt_2025_135.tar.gz,112228,76362,957223.712824073
COSMIC2,all,reference,data\revision2\raw\cosmic2\nrt\atmPrf\2025\atmPrf_nrt_2025_166.tar.gz,91713,61754,752923.5981572854
COSMIC2,all,reference,data\revision2\raw\cosmic2\nrt\atmPrf\2025\atmPrf_nrt_2025_196.tar.gz,61475,41283,501067.55789402867
COSMIC2,all,reference,data\revision2\raw\cosmic2\nrt\atmPrf\2025\atmPrf_nrt_2025_227.tar.gz,75050,50312,604125.0931569884
COSMIC2,all,reference,data\revision2\raw\cosmic2\nrt\atmPrf\2025\atmPrf_nrt_2025_258.tar.gz,95708,63314,769195.6312894018
COSMIC2,all,reference,data\revision2\raw\cosmic2\nrt\atmPrf\2025\atmPrf_nrt_2025_288.tar.gz,81046,54521,654464.2341060363
COSMIC2,all,reference,data\revision2\raw\cosmic2\nrt\atmPrf\2025\atmPrf_nrt_2025_319.tar.gz,69305,46410,542452.5167078552
COSMIC2,all,reference,data\revision2\raw\cosmic2\nrt\atmPrf\2025\atmPrf_nrt_2025_349.tar.gz,87380,59156,690703.064117745
RAPSODI_native,2to5km,diagonal,2024-08-10,1093,900,15421.385357391824
RAPSODI_native,2to5km,diagonal,2024-08-11,1130,991,19570.804337313948
RAPSODI_native,2to5km,diagonal,2024-08-12,717,518,11727.568691373375
RAPSODI_native,2to5km,diagonal,2024-08-13,900,720,14520.683020088994
RAPSODI_native,2to5km,diagonal,2024-08-14,1200,789,18286.611697789715
RAPSODI_native,2to5km,diagonal,2024-08-15,1242,1035,17949.553051139734
RAPSODI_native,2to5km,diagonal,2024-08-16,1800,1397,28766.084492770176
RAPSODI_native,2to5km,diagonal,2024-08-17,1200,1084,17471.19241820488
RAPSODI_native,2to5km,diagonal,2024-08-18,1200,534,18573.75435952691
RAPSODI_native,2to5km,diagonal,2024-08-19,1500,801,22473.748968395073
RAPSODI_native,2to5km,diagonal,2024-08-20,1500,905,21340.57308134328
RAPSODI_native,2to5km,diagonal,2024-08-21,1200,945,18028.31421861113
RAPSODI_native,2to5km,diagonal,2024-08-22,1800,1236,25316.090682989507
RAPSODI_native,2to5km,diagonal,2024-08-23,1200,913,17732.261879169975
RAPSODI_native,2to5km,diagonal,2024-08-24,1200,909,19147.344108337245
RAPSODI_native,2to5km,diagonal,2024-08-25,1500,999,22832.113549070094
RAPSODI_native,2to5km,diagonal,2024-08-26,1800,1168,28337.64740340212
RAPSODI_native,2to5km,diagonal,2024-08-27,1500,1164,21513.5662974918
RAPSODI_native,2to5km,diagonal,2024-08-28,1200,991,18108.888806565985
RAPSODI_native,2to5km,diagonal,2024-08-29,1500,1247,23194.446538758115
RAPSODI_native,2to5km,diagonal,2024-08-30,1500,1294,24866.644570472556
RAPSODI_native,2to5km,diagonal,2024-08-31,1500,1277,24389.52546247689
RAPSODI_native,2to5km,diagonal,2024-09-01,1499,1198,24050.014360710502
RAPSODI_native,2to5km,diagonal,2024-09-02,1500,842,24158.57818183639
RAPSODI_native,2to5km,diagonal,2024-09-03,1800,950,27280.364296852753
RAPSODI_native,2to5km,diagonal,2024-09-04,1199,717,17867.796933850383
RAPSODI_native,2to5km,diagonal,2024-09-05,1200,949,18266.616203103946
RAPSODI_native,2to5km,diagonal,2024-09-06,1200,1047,18907.196925885422
RAPSODI_native,2to5km,diagonal,2024-09-07,1500,1145,22425.978187194094
RAPSODI_native,2to5km,diagonal,2024-09-08,1200,675,18291.52185071688
RAPSODI_native,2to5km,diagonal,2024-09-09,1200,759,17147.75375614533
RAPSODI_native,2to5km,diagonal,2024-09-10,1800,1234,23109.516502718874
RAPSODI_native,2to5km,diagonal,2024-09-11,300,300,3517.7358513399668
RAPSODI_native,2to5km,reference,2024-08-10,1093,905,15849.116808325167
RAPSODI_native,2to5km,reference,2024-08-11,1130,999,20119.256521990745
RAPSODI_native,2to5km,reference,2024-08-12,717,525,12048.870532389401
RAPSODI_native,2to5km,reference,2024-08-13,900,740,14906.822787681194
RAPSODI_native,2to5km,reference,2024-08-14,1200,795,18724.307741251614
RAPSODI_native,2to5km,reference,2024-08-15,1242,1053,18446.37978625883
RAPSODI_native,2to5km,reference,2024-08-16,1800,1436,29511.93912627597
RAPSODI_native,2to5km,reference,2024-08-17,1200,1096,17944.352010783532
RAPSODI_native,2to5km,reference,2024-08-18,1200,552,19056.25543398147
RAPSODI_native,2to5km,reference,2024-08-19,1500,809,23050.78093051002
RAPSODI_native,2to5km,reference,2024-08-20,1500,921,21942.57111368057
RAPSODI_native,2to5km,reference,2024-08-21,1200,958,18543.58414095904
RAPSODI_native,2to5km,reference,2024-08-22,1800,1267,26022.08815815534
RAPSODI_native,2to5km,reference,2024-08-23,1200,927,18217.89642175919
RAPSODI_native,2to5km,reference,2024-08-24,1200,924,19646.012013805655
RAPSODI_native,2to5km,reference,2024-08-25,1500,1017,23367.852027847977
RAPSODI_native,2to5km,reference,2024-08-26,1800,1208,29068.90456503983
RAPSODI_native,2to5km,reference,2024-08-27,1500,1177,22080.815585970293
RAPSODI_native,2to5km,reference,2024-08-28,1200,1000,18557.982938662397
RAPSODI_native,2to5km,reference,2024-08-29,1500,1259,23794.530307851015
RAPSODI_native,2to5km,reference,2024-08-30,1500,1313,25513.706773922087
RAPSODI_native,2to5km,reference,2024-08-31,1500,1293,25001.291385344462
RAPSODI_native,2to5km,reference,2024-09-01,1499,1218,24647.699575129445
RAPSODI_native,2to5km,reference,2024-09-02,1500,853,24755.143523184186
RAPSODI_native,2to5km,reference,2024-09-03,1800,971,27963.091441765348
RAPSODI_native,2to5km,reference,2024-09-04,1199,729,18311.083256047263
RAPSODI_native,2to5km,reference,2024-09-05,1200,964,18727.515441157186
RAPSODI_native,2to5km,reference,2024-09-06,1200,1064,19394.495460755763
RAPSODI_native,2to5km,reference,2024-09-07,1500,1163,22986.98029835752
RAPSODI_native,2to5km,reference,2024-09-08,1200,682,18757.089541384783
RAPSODI_native,2to5km,reference,2024-09-09,1200,772,17614.810058096504
RAPSODI_native,2to5km,reference,2024-09-10,1800,1248,23775.056577347306
RAPSODI_native,2to5km,reference,2024-09-11,300,300,3611.671584648813
RAPSODI_native,5kmplus,diagonal,2024-08-10,1420,491,6508.742105639666
RAPSODI_native,5kmplus,diagonal,2024-08-11,1413,763,7022.563556148754
RAPSODI_native,5kmplus,diagonal,2024-08-12,941,361,4225.9793935449825
RAPSODI_native,5kmplus,diagonal,2024-08-13,1037,640,5414.414370869404
RAPSODI_native,5kmplus,diagonal,2024-08-14,1098,502,3961.71895973842
RAPSODI_native,5kmplus,diagonal,2024-08-15,1891,1324,8900.380012892585
RAPSODI_native,5kmplus,diagonal,2024-08-16,2840,1135,14198.04384708392
RAPSODI_native,5kmplus,diagonal,2024-08-17,1892,1116,9515.945621529492
RAPSODI_native,5kmplus,diagonal,2024-08-18,1891,695,8633.6616585702
RAPSODI_native,5kmplus,diagonal,2024-08-19,2368,1086,9886.199152401352
RAPSODI_native,5kmplus,diagonal,2024-08-20,2367,1871,11980.543649344108
RAPSODI_native,5kmplus,diagonal,2024-08-21,1886,933,10017.914268501589
RAPSODI_native,5kmplus,diagonal,2024-08-22,2834,1738,13931.642961986163
RAPSODI_native,5kmplus,diagonal,2024-08-23,1892,1226,9008.814706800325
RAPSODI_native,5kmplus,diagonal,2024-08-24,1891,1067,9120.125342502495
RAPSODI_native,5kmplus,diagonal,2024-08-25,2358,1794,9656.152641167148
RAPSODI_native,5kmplus,diagonal,2024-08-26,2839,2059,13404.622916422115
RAPSODI_native,5kmplus,diagonal,2024-08-27,2368,1224,11392.930337044021
RAPSODI_native,5kmplus,diagonal,2024-08-28,1513,965,6219.185154351425
RAPSODI_native,5kmplus,diagonal,2024-08-29,2361,1112,10274.453713697998
RAPSODI_native,5kmplus,diagonal,2024-08-30,2359,1489,11663.734760077223
RAPSODI_native,5kmplus,diagonal,2024-08-31,2364,1385,10616.974621150217
RAPSODI_native,5kmplus,diagonal,2024-09-01,2367,1715,9622.193059921814
RAPSODI_native,5kmplus,diagonal,2024-09-02,2358,967,9290.516660903206
RAPSODI_native,5kmplus,diagonal,2024-09-03,2830,672,11091.690789069176
RAPSODI_native,5kmplus,diagonal,2024-09-04,1891,560,7062.108680381935
RAPSODI_native,5kmplus,diagonal,2024-09-05,1891,592,7543.965521646984
RAPSODI_native,5kmplus,diagonal,2024-09-06,1772,550,7596.22731209119
RAPSODI_native,5kmplus,diagonal,2024-09-07,2363,1911,10133.589448667266
RAPSODI_native,5kmplus,diagonal,2024-09-08,1897,1599,8035.092003766222
RAPSODI_native,5kmplus,diagonal,2024-09-09,1892,1349,8877.611970853703
RAPSODI_native,5kmplus,diagonal,2024-09-10,2833,1676,13947.898458557824
RAPSODI_native,5kmplus,diagonal,2024-09-11,472,271,1622.111645986672
RAPSODI_native,5kmplus,reference,2024-08-10,1420,506,6658.335185842503
RAPSODI_native,5kmplus,reference,2024-08-11,1413,780,7210.011319463568
RAPSODI_native,5kmplus,reference,2024-08-12,941,361,4343.902218558943
RAPSODI_native,5kmplus,reference,2024-08-13,1037,658,5554.366486075266
RAPSODI_native,5kmplus,reference,2024-08-14,1098,515,4099.641924765449
RAPSODI_native,5kmplus,reference,2024-08-15,1891,1348,9140.189085774617
RAPSODI_native,5kmplus,reference,2024-08-16,2840,1162,14522.043676089366
RAPSODI_native,5kmplus,reference,2024-08-17,1892,1131,9735.570095862919
RAPSODI_native,5kmplus,reference,2024-08-18,1891,717,8866.377964842912
RAPSODI_native,5kmplus,reference,2024-08-19,2368,1125,10177.905479614421
RAPSODI_native,5kmplus,reference,2024-08-20,2367,1887,12262.295725840935
RAPSODI_native,5kmplus,reference,2024-08-21,1886,949,10248.00636213058
RAPSODI_native,5kmplus,reference,2024-08-22,2834,1775,14266.146603031182
RAPSODI_native,5kmplus,reference,2024-08-23,1892,1246,9214.749722017823
RAPSODI_native,5kmplus,reference,2024-08-24,1891,1106,9336.680967002056
RAPSODI_native,5kmplus,reference,2024-08-25,2358,1846,9943.664218660428
RAPSODI_native,5kmplus,reference,2024-08-26,2839,2104,13752.98167356715
RAPSODI_native,5kmplus,reference,2024-08-27,2368,1258,11650.08745491307
RAPSODI_native,5kmplus,reference,2024-08-28,1513,979,6398.116262368489
RAPSODI_native,5kmplus,reference,2024-08-29,2361,1130,10538.602335262489
RAPSODI_native,5kmplus,reference,2024-08-30,2359,1531,11969.492618623915
RAPSODI_native,5kmplus,reference,2024-08-31,2364,1400,10877.970287005734
RAPSODI_native,5kmplus,reference,2024-09-01,2367,1737,9872.070058719719
RAPSODI_native,5kmplus,reference,2024-09-02,2358,1024,9522.884751747606
RAPSODI_native,5kmplus,reference,2024-09-03,2830,687,11368.240707918329
RAPSODI_native,5kmplus,reference,2024-09-04,1891,571,7246.37872813042
RAPSODI_native,5kmplus,reference,2024-09-05,1891,597,7731.119597948527
RAPSODI_native,5kmplus,reference,2024-09-06,1772,584,7784.084140709278
RAPSODI_native,5kmplus,reference,2024-09-07,2363,1923,10378.24107279568
RAPSODI_native,5kmplus,reference,2024-09-08,1897,1614,8238.00516228758
RAPSODI_native,5kmplus,reference,2024-09-09,1892,1364,9078.457589466634
RAPSODI_native,5kmplus,reference,2024-09-10,2833,1742,14294.215583783534
RAPSODI_native,5kmplus,reference,2024-09-11,472,272,1664.272453084726
RAPSODI_native,all,diagonal,2024-08-09,85,70,2235.025583439384
RAPSODI_native,all,diagonal,2024-08-10,3559,2081,46752.2238172502
RAPSODI_native,all,diagonal,2024-08-11,3495,2510,50116.6293445311
RAPSODI_native,all,diagonal,2024-08-12,2221,1315,29772.613923079687
RAPSODI_native,all,diagonal,2024-08-13,2622,1892,36717.868958301406
RAPSODI_native,all,diagonal,2024-08-14,3056,1891,40999.53400650026
RAPSODI_native,all,diagonal,2024-08-15,4079,3062,48979.211192762865
RAPSODI_native,all,diagonal,2024-08-16,5784,3429,69641.6619030714
RAPSODI_native,all,diagonal,2024-08-17,3852,2935,44244.505215075464
RAPSODI_native,all,diagonal,2024-08-18,3846,1924,46099.85279095615
RAPSODI_native,all,diagonal,2024-08-19,4806,2450,55270.60909633367
RAPSODI_native,all,diagonal,2024-08-20,4811,3488,55858.466405929845
RAPSODI_native,all,diagonal,2024-08-21,3847,2414,47749.56898688562
RAPSODI_native,all,diagonal,2024-08-22,5762,3984,65701.08934698791
RAPSODI_native,all,diagonal,2024-08-23,3844,2776,46012.618137259065
RAPSODI_native,all,diagonal,2024-08-24,3845,2464,48029.220160517034
RAPSODI_native,all,diagonal,2024-08-25,4800,3492,53866.160754239834
RAPSODI_native,all,diagonal,2024-08-26,5770,4163,69261.0296272356
RAPSODI_native,all,diagonal,2024-08-27,4803,3294,53004.35530898168
RAPSODI_native,all,diagonal,2024-08-28,3460,2559,42801.38056939747
RAPSODI_native,all,diagonal,2024-08-29,4800,3152,59016.04374538174
RAPSODI_native,all,diagonal,2024-08-30,4805,3480,61465.511585379485
RAPSODI_native,all,diagonal,2024-08-31,4809,3417,58100.25851110474
RAPSODI_native,all,diagonal,2024-09-01,4806,3442,58938.780298080266
RAPSODI_native,all,diagonal,2024-09-02,4802,2544,59148.579509441006
RAPSODI_native,all,diagonal,2024-09-03,5759,2502,67076.59192108021
RAPSODI_native,all,diagonal,2024-09-04,3839,1846,43805.866896436004
RAPSODI_native,all,diagonal,2024-09-05,3843,2088,44604.457559619696
RAPSODI_native,all,diagonal,2024-09-06,3721,2172,44937.016669643155
RAPSODI_native,all,diagonal,2024-09-07,4805,3881,53998.314275441895
RAPSODI_native,all,diagonal,2024-09-08,3844,2978,44308.37297639266
RAPSODI_native,all,diagonal,2024-09-09,3840,2648,44181.892290938165
RAPSODI_native,all,diagonal,2024-09-10,5767,3983,64687.3864098071
RAPSODI_native,all,diagonal,2024-09-11,959,699,9393.102122946924
RAPSODI_native,all,reference,2024-08-09,85,72,2342.486037723133
RAPSODI_native,all,reference,2024-08-10,3559,2117,48228.94492114343
RAPSODI_native,all,reference,2024-08-11,3495,2546,51623.75513652527
RAPSODI_native,all,reference,2024-08-12,2221,1330,30668.790162708185
RAPSODI_native,all,reference,2024-08-13,2622,1939,37841.39727113999
RAPSODI_native,all,reference,2024-08-14,3056,1913,42219.17495040407
RAPSODI_native,all,reference,2024-08-15,4079,3123,50463.2031700026
RAPSODI_native,all,reference,2024-08-16,5784,3507,71627.43836937784
RAPSODI_native,all,reference,2024-08-17,3852,2965,45539.27765051992
RAPSODI_native,all,reference,2024-08-18,3846,1967,47459.4285688613
RAPSODI_native,all,reference,2024-08-19,4806,2504,56897.554669362326
RAPSODI_native,all,reference,2024-08-20,4811,3523,57496.53941253081
RAPSODI_native,all,reference,2024-08-21,3847,2452,49148.19606198271
RAPSODI_native,all,reference,2024-08-22,5762,4063,67631.37580335695
RAPSODI_native,all,reference,2024-08-23,3844,2838,47359.29066386847
RAPSODI_native,all,reference,2024-08-24,3845,2531,49431.795321571524
RAPSODI_native,all,reference,2024-08-25,4800,3571,55449.99333800641
RAPSODI_native,all,reference,2024-08-26,5770,4259,71281.21640933202
RAPSODI_native,all,reference,2024-08-27,4803,3342,54529.42929042568
RAPSODI_native,all,reference,2024-08-28,3460,2585,44075.3464160861
RAPSODI_native,all,reference,2024-08-29,4800,3210,60762.71515807358
RAPSODI_native,all,reference,2024-08-30,4805,3551,63274.19254635982
RAPSODI_native,all,reference,2024-08-31,4809,3456,59763.24219886736
RAPSODI_native,all,reference,2024-09-01,4806,3489,60651.99670842055
RAPSODI_native,all,reference,2024-09-02,4802,2620,60855.7616083865
RAPSODI_native,all,reference,2024-09-03,5759,2551,69027.17798515133
RAPSODI_native,all,reference,2024-09-04,3839,1879,45083.59927235549
RAPSODI_native,all,reference,2024-09-05,3843,2139,45895.20590228072
RAPSODI_native,all,reference,2024-09-06,3721,2234,46235.76324837001
RAPSODI_native,all,reference,2024-09-07,4805,3919,55553.93851855237
RAPSODI_native,all,reference,2024-09-08,3844,3007,45590.07699302971
RAPSODI_native,all,reference,2024-09-09,3840,2684,45474.57204940841
RAPSODI_native,all,reference,2024-09-10,5767,4069,66656.7062156332
RAPSODI_native,all,reference,2024-09-11,959,704,9674.028075532271
RAPSODI_native,below2km,diagonal,2024-08-09,85,70,2235.025583439384
RAPSODI_native,below2km,diagonal,2024-08-10,1046,690,24822.09635421871
RAPSODI_native,below2km,diagonal,2024-08-11,952,756,23523.2614510684
RAPSODI_native,below2km,diagonal,2024-08-12,563,436,13819.06583816133
RAPSODI_native,below2km,diagonal,2024-08-13,685,532,16782.771567343007
RAPSODI_native,below2km,diagonal,2024-08-14,758,600,18751.20334897213
RAPSODI_native,below2km,diagonal,2024-08-15,946,703,22129.278128730544
RAPSODI_native,below2km,diagonal,2024-08-16,1144,897,26677.533563217305
RAPSODI_native,below2km,diagonal,2024-08-17,760,735,17257.36717534109
RAPSODI_native,below2km,diagonal,2024-08-18,755,695,18892.436772859044
RAPSODI_native,below2km,diagonal,2024-08-19,938,563,22910.66097553724
RAPSODI_native,below2km,diagonal,2024-08-20,944,712,22537.349675242458
RAPSODI_native,below2km,diagonal,2024-08-21,761,536,19703.3404997729
RAPSODI_native,below2km,diagonal,2024-08-22,1128,1010,26453.35570201224
RAPSODI_native,below2km,diagonal,2024-08-23,752,637,19271.541551288763
RAPSODI_native,below2km,diagonal,2024-08-24,754,488,19761.750709677297
RAPSODI_native,below2km,diagonal,2024-08-25,942,699,21377.894564002596
RAPSODI_native,below2km,diagonal,2024-08-26,1131,936,27518.75930741137
RAPSODI_native,below2km,diagonal,2024-08-27,935,906,20097.85867444585
RAPSODI_native,below2km,diagonal,2024-08-28,747,603,18473.306608480063
RAPSODI_native,below2km,diagonal,2024-08-29,939,793,25547.14349292563
RAPSODI_native,below2km,diagonal,2024-08-30,946,697,24935.13225482971
RAPSODI_native,below2km,diagonal,2024-08-31,945,755,23093.75842747763
RAPSODI_native,below2km,diagonal,2024-09-01,940,529,25266.572877447947
RAPSODI_native,below2km,diagonal,2024-09-02,944,735,25699.48466670141
RAPSODI_native,below2km,diagonal,2024-09-03,1129,880,28704.536835158273
RAPSODI_native,below2km,diagonal,2024-09-04,749,569,18875.961282203687
RAPSODI_native,below2km,diagonal,2024-09-05,752,547,18793.875834868766
RAPSODI_native,below2km,diagonal,2024-09-06,749,575,18433.59243166654
RAPSODI_native,below2km,diagonal,2024-09-07,942,825,21438.746639580535
RAPSODI_native,below2km,diagonal,2024-09-08,747,704,17981.759121909563
RAPSODI_native,below2km,diagonal,2024-09-09,748,540,18156.526563939133
RAPSODI_native,below2km,diagonal,2024-09-10,1134,1073,27629.9714485304
RAPSODI_native,below2km,diagonal,2024-09-11,187,128,4253.254625620285
RAPSODI_native,below2km,reference,2024-08-09,85,72,2342.486037723133
RAPSODI_native,below2km,reference,2024-08-10,1046,706,25721.492926975763
RAPSODI_native,below2km,reference,2024-08-11,952,767,24294.48729507096
RAPSODI_native,below2km,reference,2024-08-12,563,444,14276.01741175984
RAPSODI_native,below2km,reference,2024-08-13,685,541,17380.207997383528
RAPSODI_native,below2km,reference,2024-08-14,758,603,19395.225284387005
RAPSODI_native,below2km,reference,2024-08-15,946,722,22876.63429796915
RAPSODI_native,below2km,reference,2024-08-16,1144,909,27593.455567012505
RAPSODI_native,below2km,reference,2024-08-17,760,738,17859.355543873473
RAPSODI_native,below2km,reference,2024-08-18,755,698,19536.795170036923
RAPSODI_native,below2km,reference,2024-08-19,938,570,23668.86825923788
RAPSODI_native,below2km,reference,2024-08-20,944,715,23291.672573009306
RAPSODI_native,below2km,reference,2024-08-21,761,545,20356.60555889309
RAPSODI_native,below2km,reference,2024-08-22,1128,1021,27343.14104217043
RAPSODI_native,below2km,reference,2024-08-23,752,665,19926.644520091457
RAPSODI_native,below2km,reference,2024-08-24,754,501,20449.10234076381
RAPSODI_native,below2km,reference,2024-08-25,942,708,22138.477091498004
RAPSODI_native,below2km,reference,2024-08-26,1131,947,28459.33017072504
RAPSODI_native,below2km,reference,2024-08-27,935,907,20798.52624954232
RAPSODI_native,below2km,reference,2024-08-28,747,606,19119.247215055217
RAPSODI_native,below2km,reference,2024-08-29,939,821,26429.58251496008
RAPSODI_native,below2km,reference,2024-08-30,946,707,25790.993153813823
RAPSODI_native,below2km,reference,2024-08-31,945,763,23883.980526517164
RAPSODI_native,below2km,reference,2024-09-01,940,534,26132.227074571387
RAPSODI_native,below2km,reference,2024-09-02,944,743,26577.733333454704
RAPSODI_native,below2km,reference,2024-09-03,1129,893,29695.845835467648
RAPSODI_native,below2km,reference,2024-09-04,749,579,19526.137288177804
RAPSODI_native,below2km,reference,2024-09-05,752,578,19436.57086317501
RAPSODI_native,below2km,reference,2024-09-06,749,586,19057.183646904967
RAPSODI_native,below2km,reference,2024-09-07,942,833,22188.71714739917
RAPSODI_native,below2km,reference,2024-09-08,747,711,18594.982289357347
RAPSODI_native,below2km,reference,2024-09-09,748,548,18781.304401845267
RAPSODI_native,below2km,reference,2024-09-10,1134,1079,28587.43405450235
RAPSODI_native,below2km,reference,2024-09-11,187,132,4398.0840377987315
