dataset,group,model,cluster,n,error,sse
COSMIC2,0.5-2,ERA5,data\revision2\raw\cosmic2\nrt\atmPrf\2024\atmPrf_nrt_2024_015.tar.gz,13574,51899.084809180174,1445394.8609212316
COSMIC2,0.5-2,ERA5,data\revision2\raw\cosmic2\nrt\atmPrf\2024\atmPrf_nrt_2024_046.tar.gz,12422,50538.62157133995,1428071.7670250065
COSMIC2,0.5-2,ERA5,data\revision2\raw\cosmic2\nrt\atmPrf\2024\atmPrf_nrt_2024_075.tar.gz,13543,56325.000217223904,1583182.715714646
COSMIC2,0.5-2,ERA5,data\revision2\raw\cosmic2\nrt\atmPrf\2024\atmPrf_nrt_2024_106.tar.gz,15745,61778.35274807007,1652893.6140734488
COSMIC2,0.5-2,ERA5,data\revision2\raw\cosmic2\nrt\atmPrf\2024\atmPrf_nrt_2024_136.tar.gz,15486,54657.73219224692,1633351.5479232287
COSMIC2,0.5-2,ERA5,data\revision2\raw\cosmic2\nrt\atmPrf\2024\atmPrf_nrt_2024_167.tar.gz,16032,62273.899956101646,1671206.7911923109
COSMIC2,0.5-2,ERA5,data\revision2\raw\cosmic2\nrt\atmPrf\2024\atmPrf_nrt_2024_197.tar.gz,11475,41003.16733726271,1208172.6799510291
COSMIC2,0.5-2,ERA5,data\revision2\raw\cosmic2\nrt\atmPrf\2024\atmPrf_nrt_2024_228.tar.gz,14448,53491.25239217963,1566753.172606409
COSMIC2,0.5-2,ERA5,data\revision2\raw\cosmic2\nrt\atmPrf\2024\atmPrf_nrt_2024_259.tar.gz,16828,60083.443652355076,1788306.3353893505
COSMIC2,0.5-2,ERA5,data\revision2\raw\cosmic2\nrt\atmPrf\2024\atmPrf_nrt_2024_289.tar.gz,18161,69834.22994725352,1921157.461244259
COSMIC2,0.5-2,ERA5,data\revision2\raw\cosmic2\nrt\atmPrf\2024\atmPrf_nrt_2024_320.tar.gz,17217,62894.75217053555,1751938.14401373
COSMIC2,0.5-2,ERA5,data\revision2\raw\cosmic2\nrt\atmPrf\2024\atmPrf_nrt_2024_350.tar.gz,19471,61061.20276566337,1821881.9063205915
COSMIC2,0.5-2,ERA5,data\revision2\raw\cosmic2\nrt\atmPrf\2025\atmPrf_nrt_2025_015.tar.gz,19288,66434.71030822514,1849802.8560325068
COSMIC2,0.5-2,ERA5,data\revision2\raw\cosmic2\nrt\atmPrf\2025\atmPrf_nrt_2025_046.tar.gz,18139,61774.021086964705,1776581.2675728463
COSMIC2,0.5-2,ERA5,data\revision2\raw\cosmic2\nrt\atmPrf\2025\atmPrf_nrt_2025_074.tar.gz,14597,51512.027880428475,1473234.6604000675
COSMIC2,0.5-2,ERA5,data\revision2\raw\cosmic2\nrt\atmPrf\2025\atmPrf_nrt_2025_105.tar.gz,11013,39864.816262077475,1021866.1091850526
COSMIC2,0.5-2,ERA5,data\revision2\raw\cosmic2\nrt\atmPrf\2025\atmPrf_nrt_2025_135.tar.gz,20413,65232.99863874135,1813574.433384779
COSMIC2,0.5-2,ERA5,data\revision2\raw\cosmic2\nrt\atmPrf\2025\atmPrf_nrt_2025_166.tar.gz,16506,54212.67182725635,1531184.5531470769
COSMIC2,0.5-2,ERA5,data\revision2\raw\cosmic2\nrt\atmPrf\2025\atmPrf_nrt_2025_196.tar.gz,11168,32549.116774925264,1012111.5322029578
COSMIC2,0.5-2,ERA5,data\revision2\raw\cosmic2\nrt\atmPrf\2025\atmPrf_nrt_2025_227.tar.gz,13552,42487.17491555896,1177775.934787096
COSMIC2,0.5-2,ERA5,data\revision2\raw\cosmic2\nrt\atmPrf\2025\atmPrf_nrt_2025_258.tar.gz,17406,51233.43853743686,1577212.097072361
COSMIC2,0.5-2,ERA5,data\revision2\raw\cosmic2\nrt\atmPrf\2025\atmPrf_nrt_2025_288.tar.gz,14709,45224.19576311935,1332056.741607
COSMIC2,0.5-2,ERA5,data\revision2\raw\cosmic2\nrt\atmPrf\2025\atmPrf_nrt_2025_319.tar.gz,12665,46661.174963111735,1219263.720156362
COSMIC2,0.5-2,ERA5,data\revision2\raw\cosmic2\nrt\atmPrf\2025\atmPrf_nrt_2025_349.tar.gz,15875,57388.488125950644,1526138.7361139683
COSMIC2,0.5-2,reference,data\revision2\raw\cosmic2\nrt\atmPrf\2024\atmPrf_nrt_2024_015.tar.gz,13574,70981.27875052221,1667734.013356984
COSMIC2,0.5-2,reference,data\revision2\raw\cosmic2\nrt\atmPrf\2024\atmPrf_nrt_2024_046.tar.gz,12422,67913.19559588464,1645315.8606908456
COSMIC2,0.5-2,reference,data\revision2\raw\cosmic2\nrt\atmPrf\2024\atmPrf_nrt_2024_075.tar.gz,13543,74544.75321794377,1824659.1040519818
COSMIC2,0.5-2,reference,data\revision2\raw\cosmic2\nrt\atmPrf\2024\atmPrf_nrt_2024_106.tar.gz,15745,85586.5430378744,1952187.6694797985
COSMIC2,0.5-2,reference,data\revision2\raw\cosmic2\nrt\atmPrf\2024\atmPrf_nrt_2024_136.tar.gz,15486,80148.16282421399,1929949.7305440584
COSMIC2,0.5-2,reference,data\revision2\raw\cosmic2\nrt\atmPrf\2024\atmPrf_nrt_2024_167.tar.gz,16032,93626.96347039302,2087376.3316363744
COSMIC2,0.5-2,reference,data\revision2\raw\cosmic2\nrt\atmPrf\2024\atmPrf_nrt_2024_197.tar.gz,11475,64117.023979620135,1468857.9387432751
COSMIC2,0.5-2,reference,data\revision2\raw\cosmic2\nrt\atmPrf\2024\atmPrf_nrt_2024_228.tar.gz,14448,80299.71143977084,1878834.4721509174
COSMIC2,0.5-2,reference,data\revision2\raw\cosmic2\nrt\atmPrf\2024\atmPrf_nrt_2024_259.tar.gz,16828,87781.89457192415,2094430.0629268326
COSMIC2,0.5-2,reference,data\revision2\raw\cosmic2\nrt\atmPrf\2024\atmPrf_nrt_2024_289.tar.gz,18161,97747.3458131499,2231885.4041751497
COSMIC2,0.5-2,reference,data\revision2\raw\cosmic2\nrt\atmPrf\2024\atmPrf_nrt_2024_320.tar.gz,17217,88187.80428452852,2035630.7655848823
COSMIC2,0.5-2,reference,data\revision2\raw\cosmic2\nrt\atmPrf\2024\atmPrf_nrt_2024_350.tar.gz,19471,89555.31978141742,2096395.4172299893
COSMIC2,0.5-2,reference,data\revision2\raw\cosmic2\nrt\atmPrf\2025\atmPrf_nrt_2025_015.tar.gz,19288,93846.51106060632,2143349.443055365
COSMIC2,0.5-2,reference,data\revision2\raw\cosmic2\nrt\atmPrf\2025\atmPrf_nrt_2025_046.tar.gz,18139,87039.72318126837,2050812.1193633836
COSMIC2,0.5-2,reference,data\revision2\raw\cosmic2\nrt\atmPrf\2025\atmPrf_nrt_2025_074.tar.gz,14597,72046.00437112743,1709011.0018806772
COSMIC2,0.5-2,reference,data\revision2\raw\cosmic2\nrt\atmPrf\2025\atmPrf_nrt_2025_105.tar.gz,11013,56640.590382032715,1208246.8011885479
COSMIC2,0.5-2,reference,data\revision2\raw\cosmic2\nrt\atmPrf\2025\atmPrf_nrt_2025_135.tar.gz,20413,99880.7249458554,2157473.9429526357
COSMIC2,0.5-2,reference,data\revision2\raw\cosmic2\nrt\atmPrf\2025\atmPrf_nrt_2025_166.tar.gz,16506,88573.04844351683,1922802.7665661848
COSMIC2,0.5-2,reference,data\revision2\raw\cosmic2\nrt\atmPrf\2025\atmPrf_nrt_2025_196.tar.gz,11168,55782.98555079699,1242591.4442976692
COSMIC2,0.5-2,reference,data\revision2\raw\cosmic2\nrt\atmPrf\2025\atmPrf_nrt_2025_227.tar.gz,13552,69160.0690470734,1461644.2387155602
COSMIC2,0.5-2,reference,data\revision2\raw\cosmic2\nrt\atmPrf\2025\atmPrf_nrt_2025_258.tar.gz,17406,81751.39104008013,1881410.9117474079
COSMIC2,0.5-2,reference,data\revision2\raw\cosmic2\nrt\atmPrf\2025\atmPrf_nrt_2025_288.tar.gz,14709,66642.4887842887,1536901.2840933846
COSMIC2,0.5-2,reference,data\revision2\raw\cosmic2\nrt\atmPrf\2025\atmPrf_nrt_2025_319.tar.gz,12665,66056.67151523501,1420446.603314198
COSMIC2,0.5-2,reference,data\revision2\raw\cosmic2\nrt\atmPrf\2025\atmPrf_nrt_2025_349.tar.gz,15875,80182.29757595173,1762761.762223546
COSMIC2,2-5,ERA5,data\revision2\raw\cosmic2\nrt\atmPrf\2024\atmPrf_nrt_2024_015.tar.gz,26210,4207.942608436062,640508.5458117076
COSMIC2,2-5,ERA5,data\revision2\raw\cosmic2\nrt\atmPrf\2024\atmPrf_nrt_2024_046.tar.gz,24178,-945.5033711067923,656345.4829739811
COSMIC2,2-5,ERA5,data\revision2\raw\cosmic2\nrt\atmPrf\2024\atmPrf_nrt_2024_075.tar.gz,26406,8889.231630380842,765378.910411843
COSMIC2,2-5,ERA5,data\revision2\raw\cosmic2\nrt\atmPrf\2024\atmPrf_nrt_2024_106.tar.gz,30002,1921.7874578374988,838257.3995416785
COSMIC2,2-5,ERA5,data\revision2\raw\cosmic2\nrt\atmPrf\2024\atmPrf_nrt_2024_136.tar.gz,29483,3963.2617149307243,794079.4811800481
COSMIC2,2-5,ERA5,data\revision2\raw\cosmic2\nrt\atmPrf\2024\atmPrf_nrt_2024_167.tar.gz,31148,-3145.2488531685312,753100.5103770561
COSMIC2,2-5,ERA5,data\revision2\raw\cosmic2\nrt\atmPrf\2024\atmPrf_nrt_2024_197.tar.gz,22009,-141.05986325968468,513018.7070579329
COSMIC2,2-5,ERA5,data\revision2\raw\cosmic2\nrt\atmPrf\2024\atmPrf_nrt_2024_228.tar.gz,27603,3060.5068999219757,659752.081252773
COSMIC2,2-5,ERA5,data\revision2\raw\cosmic2\nrt\atmPrf\2024\atmPrf_nrt_2024_259.tar.gz,32524,-4147.411447673237,968938.2693137224
COSMIC2,2-5,ERA5,data\revision2\raw\cosmic2\nrt\atmPrf\2024\atmPrf_nrt_2024_289.tar.gz,35012,-5516.402430956682,890111.8735446988
COSMIC2,2-5,ERA5,data\revision2\raw\cosmic2\nrt\atmPrf\2024\atmPrf_nrt_2024_320.tar.gz,33121,-4431.404838654832,872925.3043598408
COSMIC2,2-5,ERA5,data\revision2\raw\cosmic2\nrt\atmPrf\2024\atmPrf_nrt_2024_350.tar.gz,37283,573.7564113151568,934702.8243077107
COSMIC2,2-5,ERA5,data\revision2\raw\cosmic2\nrt\atmPrf\2025\atmPrf_nrt_2025_015.tar.gz,37216,-5305.270386923837,951715.7217809132
COSMIC2,2-5,ERA5,data\revision2\raw\cosmic2\nrt\atmPrf\2025\atmPrf_nrt_2025_046.tar.gz,34905,-4861.183170940611,883680.2377198592
COSMIC2,2-5,ERA5,data\revision2\raw\cosmic2\nrt\atmPrf\2025\atmPrf_nrt_2025_074.tar.gz,28004,19.49570060633863,737691.3721574638
COSMIC2,2-5,ERA5,data\revision2\raw\cosmic2\nrt\atmPrf\2025\atmPrf_nrt_2025_105.tar.gz,21150,293.32282239252834,518537.4981457073
COSMIC2,2-5,ERA5,data\revision2\raw\cosmic2\nrt\atmPrf\2025\atmPrf_nrt_2025_135.tar.gz,38916,-195.3599344409723,964589.912759957
COSMIC2,2-5,ERA5,data\revision2\raw\cosmic2\nrt\atmPrf\2025\atmPrf_nrt_2025_166.tar.gz,31892,-3708.834694621092,776408.3000822389
COSMIC2,2-5,ERA5,data\revision2\raw\cosmic2\nrt\atmPrf\2025\atmPrf_nrt_2025_196.tar.gz,21340,6843.028611022661,518066.41708712996
COSMIC2,2-5,ERA5,data\revision2\raw\cosmic2\nrt\atmPrf\2025\atmPrf_nrt_2025_227.tar.gz,26090,-1125.337705214684,627136.9516949247
COSMIC2,2-5,ERA5,data\revision2\raw\cosmic2\nrt\atmPrf\2025\atmPrf_nrt_2025_258.tar.gz,33228,-1780.2982602071695,833743.0188597004
COSMIC2,2-5,ERA5,data\revision2\raw\cosmic2\nrt\atmPrf\2025\atmPrf_nrt_2025_288.tar.gz,28123,2088.36311024849,668038.6451025034
COSMIC2,2-5,ERA5,data\revision2\raw\cosmic2\nrt\atmPrf\2025\atmPrf_nrt_2025_319.tar.gz,24012,6332.54235668265,575140.0261857474
COSMIC2,2-5,ERA5,data\revision2\raw\cosmic2\nrt\atmPrf\2025\atmPrf_nrt_2025_349.tar.gz,30345,6708.947592486884,699923.9463732031
COSMIC2,2-5,reference,data\revision2\raw\cosmic2\nrt\atmPrf\2024\atmPrf_nrt_2024_015.tar.gz,26210,12759.122355666683,651227.0665201744
COSMIC2,2-5,reference,data\revision2\raw\cosmic2\nrt\atmPrf\2024\atmPrf_nrt_2024_046.tar.gz,24178,6978.159165573904,667303.8653189796
COSMIC2,2-5,reference,data\revision2\raw\cosmic2\nrt\atmPrf\2024\atmPrf_nrt_2024_075.tar.gz,26406,16469.14091577418,781458.8676101966
COSMIC2,2-5,reference,data\revision2\raw\cosmic2\nrt\atmPrf\2024\atmPrf_nrt_2024_106.tar.gz,30002,11675.82802088709,856091.7068441473
COSMIC2,2-5,reference,data\revision2\raw\cosmic2\nrt\atmPrf\2024\atmPrf_nrt_2024_136.tar.gz,29483,17091.64427763895,816091.0963029495
COSMIC2,2-5,reference,data\revision2\raw\cosmic2\nrt\atmPrf\2024\atmPrf_nrt_2024_167.tar.gz,31148,11990.718714660969,768054.3801614966
COSMIC2,2-5,reference,data\revision2\raw\cosmic2\nrt\atmPrf\2024\atmPrf_nrt_2024_197.tar.gz,22009,11307.519811106284,526235.0414840913
COSMIC2,2-5,reference,data\revision2\raw\cosmic2\nrt\atmPrf\2024\atmPrf_nrt_2024_228.tar.gz,27603,16942.251871727978,678591.1606426483
COSMIC2,2-5,reference,data\revision2\raw\cosmic2\nrt\atmPrf\2024\atmPrf_nrt_2024_259.tar.gz,32524,9669.253188239236,972313.2129025338
COSMIC2,2-5,reference,data\revision2\raw\cosmic2\nrt\atmPrf\2024\atmPrf_nrt_2024_289.tar.gz,35012,10270.550854693738,905978.774212438
COSMIC2,2-5,reference,data\revision2\raw\cosmic2\nrt\atmPrf\2024\atmPrf_nrt_2024_320.tar.gz,33121,7976.642645024566,883744.2027449844
COSMIC2,2-5,reference,data\revision2\raw\cosmic2\nrt\atmPrf\2024\atmPrf_nrt_2024_350.tar.gz,37283,13470.254626393607,949852.646672028
COSMIC2,2-5,reference,data\revision2\raw\cosmic2\nrt\atmPrf\2025\atmPrf_nrt_2025_015.tar.gz,37216,7482.522844414868,963511.3884585341
COSMIC2,2-5,reference,data\revision2\raw\cosmic2\nrt\atmPrf\2025\atmPrf_nrt_2025_046.tar.gz,34905,8342.228171332126,892735.1418342601
COSMIC2,2-5,reference,data\revision2\raw\cosmic2\nrt\atmPrf\2025\atmPrf_nrt_2025_074.tar.gz,28004,9092.299065249963,747227.9810740617
COSMIC2,2-5,reference,data\revision2\raw\cosmic2\nrt\atmPrf\2025\atmPrf_nrt_2025_105.tar.gz,21150,7951.063991511609,528441.5593774471
COSMIC2,2-5,reference,data\revision2\raw\cosmic2\nrt\atmPrf\2025\atmPrf_nrt_2025_135.tar.gz,38916,17608.58681872432,987344.4596999205
COSMIC2,2-5,reference,data\revision2\raw\cosmic2\nrt\atmPrf\2025\atmPrf_nrt_2025_166.tar.gz,31892,13266.783289375444,790718.6172671692
COSMIC2,2-5,reference,data\revision2\raw\cosmic2\nrt\atmPrf\2025\atmPrf_nrt_2025_196.tar.gz,21340,18549.436923528807,537109.9013410377
COSMIC2,2-5,reference,data\revision2\raw\cosmic2\nrt\atmPrf\2025\atmPrf_nrt_2025_227.tar.gz,26090,13725.827517010983,644193.8193960745
COSMIC2,2-5,reference,data\revision2\raw\cosmic2\nrt\atmPrf\2025\atmPrf_nrt_2025_258.tar.gz,33228,14778.519384727208,852052.6784572635
COSMIC2,2-5,reference,data\revision2\raw\cosmic2\nrt\atmPrf\2025\atmPrf_nrt_2025_288.tar.gz,28123,14301.187376556543,679774.3933199117
COSMIC2,2-5,reference,data\revision2\raw\cosmic2\nrt\atmPrf\2025\atmPrf_nrt_2025_319.tar.gz,24012,16193.22710376774,590938.4973031351
COSMIC2,2-5,reference,data\revision2\raw\cosmic2\nrt\atmPrf\2025\atmPrf_nrt_2025_349.tar.gz,30345,17601.24896800851,718481.1480512983
COSMIC2,5-9,ERA5,data\revision2\raw\cosmic2\nrt\atmPrf\2024\atmPrf_nrt_2024_015.tar.gz,35716,3628.6686650187053,140097.4190693428
COSMIC2,5-9,ERA5,data\revision2\raw\cosmic2\nrt\atmPrf\2024\atmPrf_nrt_2024_046.tar.gz,32838,6490.355933801815,180101.72278681924
COSMIC2,5-9,ERA5,data\revision2\raw\cosmic2\nrt\atmPrf\2024\atmPrf_nrt_2024_075.tar.gz,35887,3783.627150232761,174486.7399676387
COSMIC2,5-9,ERA5,data\revision2\raw\cosmic2\nrt\atmPrf\2024\atmPrf_nrt_2024_106.tar.gz,40852,3836.9083256920367,196144.6250407274
COSMIC2,5-9,ERA5,data\revision2\raw\cosmic2\nrt\atmPrf\2024\atmPrf_nrt_2024_136.tar.gz,40071,4723.604705252569,183515.5977800465
COSMIC2,5-9,ERA5,data\revision2\raw\cosmic2\nrt\atmPrf\2024\atmPrf_nrt_2024_167.tar.gz,42422,5893.731246428225,183192.1159266698
COSMIC2,5-9,ERA5,data\revision2\raw\cosmic2\nrt\atmPrf\2024\atmPrf_nrt_2024_197.tar.gz,29932,3753.8393919366044,137017.20118782594
COSMIC2,5-9,ERA5,data\revision2\raw\cosmic2\nrt\atmPrf\2024\atmPrf_nrt_2024_228.tar.gz,37489,3698.448948166061,169667.24205321708
COSMIC2,5-9,ERA5,data\revision2\raw\cosmic2\nrt\atmPrf\2024\atmPrf_nrt_2024_259.tar.gz,44270,3250.127462387307,212466.79600589938
COSMIC2,5-9,ERA5,data\revision2\raw\cosmic2\nrt\atmPrf\2024\atmPrf_nrt_2024_289.tar.gz,47444,6958.794632498013,208359.10676611942
COSMIC2,5-9,ERA5,data\revision2\raw\cosmic2\nrt\atmPrf\2024\atmPrf_nrt_2024_320.tar.gz,45063,2561.120342880605,190028.42093513889
COSMIC2,5-9,ERA5,data\revision2\raw\cosmic2\nrt\atmPrf\2024\atmPrf_nrt_2024_350.tar.gz,50574,4266.042205255164,202669.8061827261
COSMIC2,5-9,ERA5,data\revision2\raw\cosmic2\nrt\atmPrf\2025\atmPrf_nrt_2025_015.tar.gz,50508,6970.4381442135245,218224.58010835195
COSMIC2,5-9,ERA5,data\revision2\raw\cosmic2\nrt\atmPrf\2025\atmPrf_nrt_2025_046.tar.gz,47362,-955.1346184219891,190082.0234985406
COSMIC2,5-9,ERA5,data\revision2\raw\cosmic2\nrt\atmPrf\2025\atmPrf_nrt_2025_074.tar.gz,38111,221.35217462980464,158644.79163759336
COSMIC2,5-9,ERA5,data\revision2\raw\cosmic2\nrt\atmPrf\2025\atmPrf_nrt_2025_105.tar.gz,28812,2057.644680599533,135806.12430294591
COSMIC2,5-9,ERA5,data\revision2\raw\cosmic2\nrt\atmPrf\2025\atmPrf_nrt_2025_135.tar.gz,52899,5781.634384899053,221259.65340793587
COSMIC2,5-9,ERA5,data\revision2\raw\cosmic2\nrt\atmPrf\2025\atmPrf_nrt_2025_166.tar.gz,43315,-29.426938373860708,166373.83736357462
COSMIC2,5-9,ERA5,data\revision2\raw\cosmic2\nrt\atmPrf\2025\atmPrf_nrt_2025_196.tar.gz,28967,5237.028941743815,109854.87026375126
COSMIC2,5-9,ERA5,data\revision2\raw\cosmic2\nrt\atmPrf\2025\atmPrf_nrt_2025_227.tar.gz,35408,3402.023127470551,127056.29622512744
COSMIC2,5-9,ERA5,data\revision2\raw\cosmic2\nrt\atmPrf\2025\atmPrf_nrt_2025_258.tar.gz,45074,3869.148596711989,182185.12708686685
COSMIC2,5-9,ERA5,data\revision2\raw\cosmic2\nrt\atmPrf\2025\atmPrf_nrt_2025_288.tar.gz,38214,3256.094935203859,142937.39306096119
COSMIC2,5-9,ERA5,data\revision2\raw\cosmic2\nrt\atmPrf\2025\atmPrf_nrt_2025_319.tar.gz,32628,865.4309899857834,113835.66530249517
COSMIC2,5-9,ERA5,data\revision2\raw\cosmic2\nrt\atmPrf\2025\atmPrf_nrt_2025_349.tar.gz,41160,5589.4336776805,147746.37711915656
COSMIC2,5-9,reference,data\revision2\raw\cosmic2\nrt\atmPrf\2024\atmPrf_nrt_2024_015.tar.gz,35716,7932.3086924237205,144136.34801646209
COSMIC2,5-9,reference,data\revision2\raw\cosmic2\nrt\atmPrf\2024\atmPrf_nrt_2024_046.tar.gz,32838,10753.367260801044,186394.31499796163
COSMIC2,5-9,reference,data\revision2\raw\cosmic2\nrt\atmPrf\2024\atmPrf_nrt_2024_075.tar.gz,35887,7345.8079984314945,178220.5305317351
COSMIC2,5-9,reference,data\revision2\raw\cosmic2\nrt\atmPrf\2024\atmPrf_nrt_2024_106.tar.gz,40852,7690.192517209599,200217.99648341103
COSMIC2,5-9,reference,data\revision2\raw\cosmic2\nrt\atmPrf\2024\atmPrf_nrt_2024_136.tar.gz,40071,9829.302431282224,189282.5527408277
COSMIC2,5-9,reference,data\revision2\raw\cosmic2\nrt\atmPrf\2024\atmPrf_nrt_2024_167.tar.gz,42422,11585.689468893092,189896.04601344423
COSMIC2,5-9,reference,data\revision2\raw\cosmic2\nrt\atmPrf\2024\atmPrf_nrt_2024_197.tar.gz,29932,7970.382581942776,142549.082975174
COSMIC2,5-9,reference,data\revision2\raw\cosmic2\nrt\atmPrf\2024\atmPrf_nrt_2024_228.tar.gz,37489,8711.523725245333,175597.77324296144
COSMIC2,5-9,reference,data\revision2\raw\cosmic2\nrt\atmPrf\2024\atmPrf_nrt_2024_259.tar.gz,44270,9415.808942622698,220029.01548659083
COSMIC2,5-9,reference,data\revision2\raw\cosmic2\nrt\atmPrf\2024\atmPrf_nrt_2024_289.tar.gz,47444,14293.627699321192,218025.81874728427
COSMIC2,5-9,reference,data\revision2\raw\cosmic2\nrt\atmPrf\2024\atmPrf_nrt_2024_320.tar.gz,45063,8425.938213672833,196765.34490497023
COSMIC2,5-9,reference,data\revision2\raw\cosmic2\nrt\atmPrf\2024\atmPrf_nrt_2024_350.tar.gz,50574,10541.83932874153,208811.254086142
COSMIC2,5-9,reference,data\revision2\raw\cosmic2\nrt\atmPrf\2025\atmPrf_nrt_2025_015.tar.gz,50508,13528.374905092613,227306.0130985408
COSMIC2,5-9,reference,data\revision2\raw\cosmic2\nrt\atmPrf\2025\atmPrf_nrt_2025_046.tar.gz,47362,5325.109161274138,195258.74179463182
COSMIC2,5-9,reference,data\revision2\raw\cosmic2\nrt\atmPrf\2025\atmPrf_nrt_2025_074.tar.gz,38111,3676.1966726481014,161700.05104373526
COSMIC2,5-9,reference,data\revision2\raw\cosmic2\nrt\atmPrf\2025\atmPrf_nrt_2025_105.tar.gz,28812,5055.108867016418,139088.31935249767
COSMIC2,5-9,reference,data\revision2\raw\cosmic2\nrt\atmPrf\2025\atmPrf_nrt_2025_135.tar.gz,52899,12488.00718825934,228412.4731147911
COSMIC2,5-9,reference,data\revision2\raw\cosmic2\nrt\atmPrf\2025\atmPrf_nrt_2025_166.tar.gz,43315,5756.881486912689,170866.41256880647
COSMIC2,5-9,reference,data\revision2\raw\cosmic2\nrt\atmPrf\2025\atmPrf_nrt_2025_196.tar.gz,28967,9026.261044472549,114516.29054955396
COSMIC2,5-9,reference,data\revision2\raw\cosmic2\nrt\atmPrf\2025\atmPrf_nrt_2025_227.tar.gz,35408,8743.75552298361,132921.33259714395
COSMIC2,5-9,reference,data\revision2\raw\cosmic2\nrt\atmPrf\2025\atmPrf_nrt_2025_258.tar.gz,45074,10947.348326438865,188923.9006764012
COSMIC2,5-9,reference,data\revision2\raw\cosmic2\nrt\atmPrf\2025\atmPrf_nrt_2025_288.tar.gz,38214,8511.984848595877,149790.54120404884
COSMIC2,5-9,reference,data\revision2\raw\cosmic2\nrt\atmPrf\2025\atmPrf_nrt_2025_319.tar.gz,32628,5376.160567004683,118375.69747361503
COSMIC2,5-9,reference,data\revision2\raw\cosmic2\nrt\atmPrf\2025\atmPrf_nrt_2025_349.tar.gz,41160,10571.312730137965,154638.47953587363
COSMIC2,all,ERA5,data\revision2\raw\cosmic2\nrt\atmPrf\2024\atmPrf_nrt_2024_015.tar.gz,75500,59735.696082634946,2226000.825802282
COSMIC2,all,ERA5,data\revision2\raw\cosmic2\nrt\atmPrf\2024\atmPrf_nrt_2024_046.tar.gz,69438,56083.47413403497,2264518.9727858067
COSMIC2,all,ERA5,data\revision2\raw\cosmic2\nrt\atmPrf\2024\atmPrf_nrt_2024_075.tar.gz,75836,68997.85899783751,2523048.3660941278
COSMIC2,all,ERA5,data\revision2\raw\cosmic2\nrt\atmPrf\2024\atmPrf_nrt_2024_106.tar.gz,86599,67537.0485315996,2687295.638655855
COSMIC2,all,ERA5,data\revision2\raw\cosmic2\nrt\atmPrf\2024\atmPrf_nrt_2024_136.tar.gz,85040,63344.598612430214,2610946.6268833233
COSMIC2,all,ERA5,data\revision2\raw\cosmic2\nrt\atmPrf\2024\atmPrf_nrt_2024_167.tar.gz,89602,65022.382349361345,2607499.4174960367
COSMIC2,all,ERA5,data\revision2\raw\cosmic2\nrt\atmPrf\2024\atmPrf_nrt_2024_197.tar.gz,63416,44615.94686593963,1858208.588196788
COSMIC2,all,ERA5,data\revision2\raw\cosmic2\nrt\atmPrf\2024\atmPrf_nrt_2024_228.tar.gz,79540,60250.208240267675,2396172.495912399
COSMIC2,all,ERA5,data\revision2\raw\cosmic2\nrt\atmPrf\2024\atmPrf_nrt_2024_259.tar.gz,93622,59186.15966706914,2969711.400708972
COSMIC2,all,ERA5,data\revision2\raw\cosmic2\nrt\atmPrf\2024\atmPrf_nrt_2024_289.tar.gz,100617,71276.62214879485,3019628.441555077
COSMIC2,all,ERA5,data\revision2\raw\cosmic2\nrt\atmPrf\2024\atmPrf_nrt_2024_320.tar.gz,95401,61024.46767476132,2814891.8693087096
COSMIC2,all,ERA5,data\revision2\raw\cosmic2\nrt\atmPrf\2024\atmPrf_nrt_2024_350.tar.gz,107328,65901.00138223369,2959254.536811028
COSMIC2,all,ERA5,data\revision2\raw\cosmic2\nrt\atmPrf\2025\atmPrf_nrt_2025_015.tar.gz,107012,68099.87806551483,3019743.157921772
COSMIC2,all,ERA5,data\revision2\raw\cosmic2\nrt\atmPrf\2025\atmPrf_nrt_2025_046.tar.gz,100406,55957.70329760211,2850343.528791246
COSMIC2,all,ERA5,data\revision2\raw\cosmic2\nrt\atmPrf\2025\atmPrf_nrt_2025_074.tar.gz,80712,51752.875755664616,2369570.8241951247
COSMIC2,all,ERA5,data\revision2\raw\cosmic2\nrt\atmPrf\2025\atmPrf_nrt_2025_105.tar.gz,60975,42215.78376506954,1676209.7316337058
COSMIC2,all,ERA5,data\revision2\raw\cosmic2\nrt\atmPrf\2025\atmPrf_nrt_2025_135.tar.gz,112228,70819.27308919943,2999423.999552672
COSMIC2,all,ERA5,data\revision2\raw\cosmic2\nrt\atmPrf\2025\atmPrf_nrt_2025_166.tar.gz,91713,50474.4101942614,2473966.6905928906
COSMIC2,all,ERA5,data\revision2\raw\cosmic2\nrt\atmPrf\2025\atmPrf_nrt_2025_196.tar.gz,61475,44629.17432769174,1640032.819553839
COSMIC2,all,ERA5,data\revision2\raw\cosmic2\nrt\atmPrf\2025\atmPrf_nrt_2025_227.tar.gz,75050,44763.860337814825,1931969.1827071484
COSMIC2,all,ERA5,data\revision2\raw\cosmic2\nrt\atmPrf\2025\atmPrf_nrt_2025_258.tar.gz,95708,53322.288873941674,2593140.2430189284
COSMIC2,all,ERA5,data\revision2\raw\cosmic2\nrt\atmPrf\2025\atmPrf_nrt_2025_288.tar.gz,81046,50568.653808571704,2143032.7797704646
COSMIC2,all,ERA5,data\revision2\raw\cosmic2\nrt\atmPrf\2025\atmPrf_nrt_2025_319.tar.gz,69305,53859.14830978016,1908239.4116446045
COSMIC2,all,ERA5,data\revision2\raw\cosmic2\nrt\atmPrf\2025\atmPrf_nrt_2025_349.tar.gz,87380,69686.86939611803,2373809.059606328
COSMIC2,all,reference,data\revision2\raw\cosmic2\nrt\atmPrf\2024\atmPrf_nrt_2024_015.tar.gz,75500,91672.70979861262,2463097.4278936205
COSMIC2,all,reference,data\revision2\raw\cosmic2\nrt\atmPrf\2024\atmPrf_nrt_2024_046.tar.gz,69438,85644.72202225958,2499014.041007787
COSMIC2,all,reference,data\revision2\raw\cosmic2\nrt\atmPrf\2024\atmPrf_nrt_2024_075.tar.gz,75836,98359.70213214944,2784338.502193914
COSMIC2,all,reference,data\revision2\raw\cosmic2\nrt\atmPrf\2024\atmPrf_nrt_2024_106.tar.gz,86599,104952.5635759711,3008497.372807357
COSMIC2,all,reference,data\revision2\raw\cosmic2\nrt\atmPrf\2024\atmPrf_nrt_2024_136.tar.gz,85040,107069.10953313515,2935323.3795878356
COSMIC2,all,reference,data\revision2\raw\cosmic2\nrt\atmPrf\2024\atmPrf_nrt_2024_167.tar.gz,89602,117203.37165394709,3045326.7578113154
COSMIC2,all,reference,data\revision2\raw\cosmic2\nrt\atmPrf\2024\atmPrf_nrt_2024_197.tar.gz,63416,83394.92637266919,2137642.0632025404
COSMIC2,all,reference,data\revision2\raw\cosmic2\nrt\atmPrf\2024\atmPrf_nrt_2024_228.tar.gz,79540,105953.48703674415,2733023.4060365274
COSMIC2,all,reference,data\revision2\raw\cosmic2\nrt\atmPrf\2024\atmPrf_nrt_2024_259.tar.gz,93622,106866.95670278609,3286772.2913159574
COSMIC2,all,reference,data\revision2\raw\cosmic2\nrt\atmPrf\2024\atmPrf_nrt_2024_289.tar.gz,100617,122311.52436716483,3355889.9971348722
COSMIC2,all,reference,data\revision2\raw\cosmic2\nrt\atmPrf\2024\atmPrf_nrt_2024_320.tar.gz,95401,104590.38514322593,3116140.313234837
COSMIC2,all,reference,data\revision2\raw\cosmic2\nrt\atmPrf\2024\atmPrf_nrt_2024_350.tar.gz,107328,113567.41373655255,3255059.317988159
COSMIC2,all,reference,data\revision2\raw\cosmic2\nrt\atmPrf\2025\atmPrf_nrt_2025_015.tar.gz,107012,114857.4088101138,3334166.8446124396
COSMIC2,all,reference,data\revision2\raw\cosmic2\nrt\atmPrf\2025\atmPrf_nrt_2025_046.tar.gz,100406,100707.06051387465,3138806.0029922756
COSMIC2,all,reference,data\revision2\raw\cosmic2\nrt\atmPrf\2025\atmPrf_nrt_2025_074.tar.gz,80712,84814.50010902551,2617939.033998474
COSMIC2,all,reference,data\revision2\raw\cosmic2\nrt\atmPrf\2025\atmPrf_nrt_2025_105.tar.gz,60975,69646.76324056074,1875776.6799184927
COSMIC2,all,reference,data\revision2\raw\cosmic2\nrt\atmPrf\2025\atmPrf_nrt_2025_135.tar.gz,112228,129977.31895283906,3373230.8757673474
COSMIC2,all,reference,data\revision2\raw\cosmic2\nrt\atmPrf\2025\atmPrf_nrt_2025_166.tar.gz,91713,107596.71321980497,2884387.7964021605
COSMIC2,all,reference,data\revision2\raw\cosmic2\nrt\atmPrf\2025\atmPrf_nrt_2025_196.tar.gz,61475,83358.68351879834,1894217.636188261
COSMIC2,all,reference,data\revision2\raw\cosmic2\nrt\atmPrf\2025\atmPrf_nrt_2025_227.tar.gz,75050,91629.652087068,2238759.3907087785
COSMIC2,all,reference,data\revision2\raw\cosmic2\nrt\atmPrf\2025\atmPrf_nrt_2025_258.tar.gz,95708,107477.25875124619,2922387.4908810724
COSMIC2,all,reference,data\revision2\raw\cosmic2\nrt\atmPrf\2025\atmPrf_nrt_2025_288.tar.gz,81046,89455.66100944112,2366466.218617345
COSMIC2,all,reference,data\revision2\raw\cosmic2\nrt\atmPrf\2025\atmPrf_nrt_2025_319.tar.gz,69305,87626.05918600742,2129760.7980909483
COSMIC2,all,reference,data\revision2\raw\cosmic2\nrt\atmPrf\2025\atmPrf_nrt_2025_349.tar.gz,87380,108354.8592740982,2635881.389810718
RAPSODI_native,2to5km,ERA5,2024-08-10,1093,-1675.6329340262346,24217.51189507028
RAPSODI_native,2to5km,ERA5,2024-08-11,1130,-1374.5481072810219,42189.20013339655
RAPSODI_native,2to5km,ERA5,2024-08-12,717,1005.5380664036317,27052.867978086688
RAPSODI_native,2to5km,ERA5,2024-08-13,900,250.11698060988962,27289.816480793455
RAPSODI_native,2to5km,ERA5,2024-08-14,1200,-6007.995208874941,64208.47614408315
RAPSODI_native,2to5km,ERA5,2024-08-15,1242,-2137.7334147239503,27917.39608753523
RAPSODI_native,2to5km,ERA5,2024-08-16,1800,-9056.596894689683,96985.00590948382
RAPSODI_native,2to5km,ERA5,2024-08-17,1200,-4029.783946519515,33649.94593697591
RAPSODI_native,2to5km,ERA5,2024-08-18,1200,-7263.4742148464375,169829.16486219666
RAPSODI_native,2to5km,ERA5,2024-08-19,1500,-11403.82796768141,174509.02741226502
RAPSODI_native,2to5km,ERA5,2024-08-20,1500,-5457.19513507241,123045.50347000938
RAPSODI_native,2to5km,ERA5,2024-08-21,1200,-178.00482012136283,53055.586806248226
RAPSODI_native,2to5km,ERA5,2024-08-22,1800,-5962.915350789954,155003.01944334447
RAPSODI_native,2to5km,ERA5,2024-08-23,1200,-7341.063725698512,61215.269769223705
RAPSODI_native,2to5km,ERA5,2024-08-24,1200,-3122.3611768460305,63413.64004374482
RAPSODI_native,2to5km,ERA5,2024-08-25,1500,-6978.628517280139,80831.57920468885
RAPSODI_native,2to5km,ERA5,2024-08-26,1800,-11572.776574988895,129540.43956619767
RAPSODI_native,2to5km,ERA5,2024-08-27,1500,-6697.61418337231,68447.04992385533
RAPSODI_native,2to5km,ERA5,2024-08-28,1200,-4689.19141077982,41012.227150725914
RAPSODI_native,2to5km,ERA5,2024-08-29,1500,-5274.651394334349,49039.489458932876
RAPSODI_native,2to5km,ERA5,2024-08-30,1500,-4127.3494773404655,41230.91437638562
RAPSODI_native,2to5km,ERA5,2024-08-31,1500,-1532.1167532891582,30207.03001279537
RAPSODI_native,2to5km,ERA5,2024-09-01,1499,-1804.1004615792785,36231.897606249615
RAPSODI_native,2to5km,ERA5,2024-09-02,1500,-10576.215767625918,114699.91948574326
RAPSODI_native,2to5km,ERA5,2024-09-03,1800,-13692.78646451402,131535.980266112
RAPSODI_native,2to5km,ERA5,2024-09-04,1199,-8181.479370204169,87671.44848081842
RAPSODI_native,2to5km,ERA5,2024-09-05,1200,-1088.0458235371373,39571.425639352456
RAPSODI_native,2to5km,ERA5,2024-09-06,1200,-1199.3792142253478,52717.28019969416
RAPSODI_native,2to5km,ERA5,2024-09-07,1500,-4618.626461465761,95282.87571291199
RAPSODI_native,2to5km,ERA5,2024-09-08,1200,-7021.6928459118635,105065.38570837231
RAPSODI_native,2to5km,ERA5,2024-09-09,1200,-8505.859968924029,103032.84593394895
RAPSODI_native,2to5km,ERA5,2024-09-10,1800,-7814.239745145552,85980.05051221218
RAPSODI_native,2to5km,ERA5,2024-09-11,300,-813.8063078357491,3162.030538401209
RAPSODI_native,2to5km,reference,2024-08-10,1093,-986.4142606677668,23487.798602294813
RAPSODI_native,2to5km,reference,2024-08-11,1130,72.69561480130119,37256.787360327115
RAPSODI_native,2to5km,reference,2024-08-12,717,1952.7430739734177,33182.82372753152
RAPSODI_native,2to5km,reference,2024-08-13,900,1367.0161975988842,31451.966590976368
RAPSODI_native,2to5km,reference,2024-08-14,1200,-5044.715002856803,57321.29974620239
RAPSODI_native,2to5km,reference,2024-08-15,1242,-1353.5044304391772,27109.43894256076
RAPSODI_native,2to5km,reference,2024-08-16,1800,-6555.522172170296,75165.39135170532
RAPSODI_native,2to5km,reference,2024-08-17,1200,-2211.4340480120577,21873.103825847313
RAPSODI_native,2to5km,reference,2024-08-18,1200,-5959.241751362435,158384.6573404333
RAPSODI_native,2to5km,reference,2024-08-19,1500,-9991.421358658194,157338.55848992764
RAPSODI_native,2to5km,reference,2024-08-20,1500,-3535.0982294458527,108808.74920600666
RAPSODI_native,2to5km,reference,2024-08-21,1200,1594.8628517030634,53388.584329608304
RAPSODI_native,2to5km,reference,2024-08-22,1800,-3034.964029815224,145579.1846040611
RAPSODI_native,2to5km,reference,2024-08-23,1200,-5560.094461509058,42875.573969073404
RAPSODI_native,2to5km,reference,2024-08-24,1200,-1699.223731356128,57350.646187321094
RAPSODI_native,2to5km,reference,2024-08-25,1500,-5418.953918990581,68746.42686355147
RAPSODI_native,2to5km,reference,2024-08-26,1800,-9377.517140500171,103015.79864602172
RAPSODI_native,2to5km,reference,2024-08-27,1500,-4529.467717482647,52988.96705740195
RAPSODI_native,2to5km,reference,2024-08-28,1200,-3062.8901678746793,31049.50216851467
RAPSODI_native,2to5km,reference,2024-08-29,1500,-3274.6259018653454,37532.16910105387
RAPSODI_native,2to5km,reference,2024-08-30,1500,-2408.0309929828477,33969.62237426781
RAPSODI_native,2to5km,reference,2024-08-31,1500,282.79134472583473,28478.70424290415
RAPSODI_native,2to5km,reference,2024-09-01,1499,-153.4849406969509,34903.53527759196
RAPSODI_native,2to5km,reference,2024-09-02,1500,-8862.279346965674,94556.27872460493
RAPSODI_native,2to5km,reference,2024-09-03,1800,-11418.624373985547,101112.88944898368
RAPSODI_native,2to5km,reference,2024-09-04,1199,-6677.187245486536,69093.00725003863
RAPSODI_native,2to5km,reference,2024-09-05,1200,372.6362018075596,37445.04446656828
RAPSODI_native,2to5km,reference,2024-09-06,1200,352.17971993545655,49651.07069899601
RAPSODI_native,2to5km,reference,2024-09-07,1500,-2579.232309924589,80745.1566206149
RAPSODI_native,2to5km,reference,2024-09-08,1200,-5514.174618567425,96483.68745322003
RAPSODI_native,2to5km,reference,2024-09-09,1200,-7074.109393311841,85780.36731793029
RAPSODI_native,2to5km,reference,2024-09-10,1800,-5138.685389968374,64150.57633269279
RAPSODI_native,2to5km,reference,2024-09-11,300,-315.6662031287847,986.6437339340921
RAPSODI_native,5kmplus,ERA5,2024-08-10,1420,122.26780794839347,15155.797046580401
RAPSODI_native,5kmplus,ERA5,2024-08-11,1413,838.4483066981977,10340.640567745611
RAPSODI_native,5kmplus,ERA5,2024-08-12,941,-3192.5543493506125,23087.696716680763
RAPSODI_native,5kmplus,ERA5,2024-08-13,1037,-829.182298178673,11052.692403665023
RAPSODI_native,5kmplus,ERA5,2024-08-14,1098,-1251.9088363928497,20968.260100402582
RAPSODI_native,5kmplus,ERA5,2024-08-15,1891,-1187.1301431340148,15043.621316272707
RAPSODI_native,5kmplus,ERA5,2024-08-16,2840,5499.121139936629,32820.16036232549
RAPSODI_native,5kmplus,ERA5,2024-08-17,1892,1356.7991292223585,12496.306797996354
RAPSODI_native,5kmplus,ERA5,2024-08-18,1891,719.5164342889642,31264.634687528804
RAPSODI_native,5kmplus,ERA5,2024-08-19,2368,-601.3874860960705,24972.37232689366
RAPSODI_native,5kmplus,ERA5,2024-08-20,2367,-2633.7006591285613,15518.557165900316
RAPSODI_native,5kmplus,ERA5,2024-08-21,1886,1129.417806691727,18644.702927447364
RAPSODI_native,5kmplus,ERA5,2024-08-22,2834,-4474.299488918493,30729.200997233485
RAPSODI_native,5kmplus,ERA5,2024-08-23,1892,-1260.41144206601,12394.361797441592
RAPSODI_native,5kmplus,ERA5,2024-08-24,1891,-830.7436044854551,22804.888820277272
RAPSODI_native,5kmplus,ERA5,2024-08-25,2358,-642.7879545882033,11059.731463174481
RAPSODI_native,5kmplus,ERA5,2024-08-26,2839,-1523.3170868327393,11704.102609194388
RAPSODI_native,5kmplus,ERA5,2024-08-27,2368,744.836113157108,14325.175342942246
RAPSODI_native,5kmplus,ERA5,2024-08-28,1513,700.8627670034934,10773.22240518848
RAPSODI_native,5kmplus,ERA5,2024-08-29,2361,1603.9874899839124,24844.787346249115
RAPSODI_native,5kmplus,ERA5,2024-08-30,2359,-3095.2399679382406,19097.40218632148
RAPSODI_native,5kmplus,ERA5,2024-08-31,2364,-1460.560833273254,18169.39702280213
RAPSODI_native,5kmplus,ERA5,2024-09-01,2367,-1169.867035455991,13557.427725132424
RAPSODI_native,5kmplus,ERA5,2024-09-02,2358,1503.0557796296573,22755.635507304993
RAPSODI_native,5kmplus,ERA5,2024-09-03,2830,5386.299556102869,65813.57926081658
RAPSODI_native,5kmplus,ERA5,2024-09-04,1891,2795.7857895477077,31483.035003182587
RAPSODI_native,5kmplus,ERA5,2024-09-05,1891,5302.805962629848,47695.106178860115
RAPSODI_native,5kmplus,ERA5,2024-09-06,1772,4361.883959440835,51024.505632038876
RAPSODI_native,5kmplus,ERA5,2024-09-07,2363,-1133.9343152129711,23714.97050999881
RAPSODI_native,5kmplus,ERA5,2024-09-08,1897,-1437.7444801984473,11937.950780191288
RAPSODI_native,5kmplus,ERA5,2024-09-09,1892,-875.4057280993534,16219.512090710095
RAPSODI_native,5kmplus,ERA5,2024-09-10,2833,1189.1727563406725,50986.024872305155
RAPSODI_native,5kmplus,ERA5,2024-09-11,472,102.94913955767034,1660.5461708587814
RAPSODI_native,5kmplus,reference,2024-08-10,1420,690.7905036415312,14931.051605007451
RAPSODI_native,5kmplus,reference,2024-08-11,1413,1431.294682835177,10861.971571448059
RAPSODI_native,5kmplus,reference,2024-08-12,941,-2883.6793552350164,21012.008424251628
RAPSODI_native,5kmplus,reference,2024-08-13,1037,-371.3187872965919,10159.17296537641
RAPSODI_native,5kmplus,reference,2024-08-14,1098,-1007.4177176788606,20071.445479498183
RAPSODI_native,5kmplus,reference,2024-08-15,1891,-490.36600793958377,14386.240380620346
RAPSODI_native,5kmplus,reference,2024-08-16,2840,6837.150508793307,37733.348480202694
RAPSODI_native,5kmplus,reference,2024-08-17,1892,2058.1426024205607,13446.995589075543
RAPSODI_native,5kmplus,reference,2024-08-18,1891,1596.8201687413693,31192.603781677248
RAPSODI_native,5kmplus,reference,2024-08-19,2368,550.3415972209381,23721.19259474756
RAPSODI_native,5kmplus,reference,2024-08-20,2367,-1657.0603780495444,13604.029236932616
RAPSODI_native,5kmplus,reference,2024-08-21,1886,1912.888524062272,20136.046393012395
RAPSODI_native,5kmplus,reference,2024-08-22,2834,-3186.5512260912096,26612.120811156303
RAPSODI_native,5kmplus,reference,2024-08-23,1892,-337.1286366271616,10426.486604192089
RAPSODI_native,5kmplus,reference,2024-08-24,1891,-168.82477266401304,21310.481372007824
RAPSODI_native,5kmplus,reference,2024-08-25,2358,522.0457050352221,10374.202772677367
RAPSODI_native,5kmplus,reference,2024-08-26,2839,-80.32636532347553,9466.4095838063
RAPSODI_native,5kmplus,reference,2024-08-27,2368,1761.3537781220423,14554.453165712237
RAPSODI_native,5kmplus,reference,2024-08-28,1513,1213.473101813661,11219.221777725177
RAPSODI_native,5kmplus,reference,2024-08-29,2361,2671.3017229659436,26217.189117652575
RAPSODI_native,5kmplus,reference,2024-08-30,2359,-2073.876797400116,16565.9204171647
RAPSODI_native,5kmplus,reference,2024-08-31,2364,-823.1259569307695,18197.005078743387
RAPSODI_native,5kmplus,reference,2024-09-01,2367,-612.2874701873078,13381.449856367719
RAPSODI_native,5kmplus,reference,2024-09-02,2358,2111.9489795742525,22828.20203578578
RAPSODI_native,5kmplus,reference,2024-09-03,2830,6757.506355553488,69888.75966099188
RAPSODI_native,5kmplus,reference,2024-09-04,1891,3776.3427278469017,33424.494802949885
RAPSODI_native,5kmplus,reference,2024-09-05,1891,6164.913858238372,52056.49257666332
RAPSODI_native,5kmplus,reference,2024-09-06,1772,5066.1227738157895,54597.75265029942
RAPSODI_native,5kmplus,reference,2024-09-07,2363,-624.596653326918,22510.081050313987
RAPSODI_native,5kmplus,reference,2024-09-08,1897,-1024.7074954861303,11091.715122475707
RAPSODI_native,5kmplus,reference,2024-09-09,1892,-57.12190949325766,14839.149412552235
RAPSODI_native,5kmplus,reference,2024-09-10,2833,2400.9746436754,52944.46291194692
RAPSODI_native,5kmplus,reference,2024-09-11,472,322.79153802430204,1529.6341387187729
RAPSODI_native,all,ERA5,2024-08-09,85,-503.4490798085968,10114.853466976707
RAPSODI_native,all,ERA5,2024-08-10,3559,-6331.902448444993,275795.90370363736
RAPSODI_native,all,ERA5,2024-08-11,3495,-10225.890448779559,251459.54078974747
RAPSODI_native,all,ERA5,2024-08-12,2221,-6698.443006707337,144187.48449889407
RAPSODI_native,all,ERA5,2024-08-13,2622,-6681.551426398818,141520.6926859516
RAPSODI_native,all,ERA5,2024-08-14,3056,-10294.134322199769,192500.34650373578
RAPSODI_native,all,ERA5,2024-08-15,4079,-5060.892070438904,199340.5720300336
RAPSODI_native,all,ERA5,2024-08-16,5784,-9994.624553619204,271631.91947682935
RAPSODI_native,all,ERA5,2024-08-17,3852,-6943.881747357815,89876.32948692207
RAPSODI_native,all,ERA5,2024-08-18,3846,-11821.761762100707,259008.4473681707
RAPSODI_native,all,ERA5,2024-08-19,4806,-22720.937091019856,472766.5408936028
RAPSODI_native,all,ERA5,2024-08-20,4811,-11437.434723917875,279448.1226697893
RAPSODI_native,all,ERA5,2024-08-21,3847,-8296.378578681019,262585.83959125425
RAPSODI_native,all,ERA5,2024-08-22,5762,-20777.537895549445,332836.62653755315
RAPSODI_native,all,ERA5,2024-08-23,3844,-15612.691192700584,160801.25942998196
RAPSODI_native,all,ERA5,2024-08-24,3845,-11751.317579352324,306053.75644331996
RAPSODI_native,all,ERA5,2024-08-25,4800,-14282.299486782995,477590.91595243197
RAPSODI_native,all,ERA5,2024-08-26,5770,-15522.567477510993,259925.163725157
RAPSODI_native,all,ERA5,2024-08-27,4803,-8257.42218168107,109380.62118531133
RAPSODI_native,all,ERA5,2024-08-28,3460,-6070.072273584001,138994.82446576242
RAPSODI_native,all,ERA5,2024-08-29,4800,-9398.859883651174,213143.49399124808
RAPSODI_native,all,ERA5,2024-08-30,4805,-13850.555912793781,314050.28841540765
RAPSODI_native,all,ERA5,2024-08-31,4809,-11978.381938875442,175573.18353818113
RAPSODI_native,all,ERA5,2024-09-01,4806,-15972.71445584669,377904.54147938214
RAPSODI_native,all,ERA5,2024-09-02,4802,-20179.616995651828,456034.6540381884
RAPSODI_native,all,ERA5,2024-09-03,5759,-15399.217504819466,411618.88596551627
RAPSODI_native,all,ERA5,2024-09-04,3839,-10326.542687480316,252358.80737225412
RAPSODI_native,all,ERA5,2024-09-05,3843,-1687.9947396779125,199357.25056901638
RAPSODI_native,all,ERA5,2024-09-06,3721,-1322.8542281044881,190837.22912442993
RAPSODI_native,all,ERA5,2024-09-07,4805,-13375.02341977452,202795.88695487345
RAPSODI_native,all,ERA5,2024-09-08,3844,-11862.296703709022,154397.22285690726
RAPSODI_native,all,ERA5,2024-09-09,3840,-11762.710124097974,218942.69277037933
RAPSODI_native,all,ERA5,2024-09-10,5767,-14564.055624439776,241577.07160180144
RAPSODI_native,all,ERA5,2024-09-11,959,-2925.6717955765384,34107.34226487718
RAPSODI_native,all,reference,2024-08-09,85,-185.48608967672732,6938.7862533139405
RAPSODI_native,all,reference,2024-08-10,3559,-2173.9537583630313,258710.91990898157
RAPSODI_native,all,reference,2024-08-11,3495,-5168.398941374427,200770.67648704292
RAPSODI_native,all,reference,2024-08-12,2221,-3687.051383396704,128451.80886043418
RAPSODI_native,all,reference,2024-08-13,2622,-2982.6701133086763,115171.05234611072
RAPSODI_native,all,reference,2024-08-14,3056,-6966.534930297403,175337.97285337368
RAPSODI_native,all,reference,2024-08-15,4079,-1030.4474490777602,189570.314456395
RAPSODI_native,all,reference,2024-08-16,5784,-2259.339474606723,223655.1210145259
RAPSODI_native,all,reference,2024-08-17,3852,-1691.4074731224218,53988.19537413377
RAPSODI_native,all,reference,2024-08-18,3846,-6995.416957678082,225123.07023529347
RAPSODI_native,all,reference,2024-08-19,4806,-17575.412648002428,410626.14434010524
RAPSODI_native,all,reference,2024-08-20,4811,-6059.510197154131,250177.34263675785
RAPSODI_native,all,reference,2024-08-21,3847,-3146.325586917317,209664.91215350805
RAPSODI_native,all,reference,2024-08-22,5762,-12391.041862010501,254732.89937525158
RAPSODI_native,all,reference,2024-08-23,3844,-10080.04608982039,102756.0714046457
RAPSODI_native,all,reference,2024-08-24,3845,-7170.125680199501,258693.01553108526
RAPSODI_native,all,reference,2024-08-25,4800,-9104.396809972846,432729.07804920286
RAPSODI_native,all,reference,2024-08-26,5770,-8614.6819593358,219261.7105107673
RAPSODI_native,all,reference,2024-08-27,4803,-2023.206500940776,88743.52600235202
RAPSODI_native,all,reference,2024-08-28,3460,-1139.85702914762,123805.75390083232
RAPSODI_native,all,reference,2024-08-29,4800,-2794.6059437665863,164335.98663261143
RAPSODI_native,all,reference,2024-08-30,4805,-8291.527692653905,270981.5281861405
RAPSODI_native,all,reference,2024-08-31,4809,-6459.8562665032505,126221.29103599761
RAPSODI_native,all,reference,2024-09-01,4806,-10611.994728499212,296803.1901082955
RAPSODI_native,all,reference,2024-09-02,4802,-14897.868570772644,373631.8752514245
RAPSODI_native,all,reference,2024-09-03,5759,-8314.360056522446,341646.11796547973
RAPSODI_native,all,reference,2024-09-04,3839,-5442.039168597974,205381.74243165064
RAPSODI_native,all,reference,2024-09-05,3843,2823.1239718671636,179751.62241193786
RAPSODI_native,all,reference,2024-09-06,3721,3387.331422113481,176326.37032213886
RAPSODI_native,all,reference,2024-09-07,4805,-7501.101046484258,147654.6586680446
RAPSODI_native,all,reference,2024-09-08,3844,-7464.9007855181635,130918.56495116826
RAPSODI_native,all,reference,2024-09-09,3840,-7411.363764721608,188327.32465788262
RAPSODI_native,all,reference,2024-09-10,5767,-6430.204019366696,176584.22477922306
RAPSODI_native,all,reference,2024-09-11,959,-1522.0019332350425,18506.6644992545
RAPSODI_native,below2km,ERA5,2024-08-09,85,-503.4490798085968,10114.853466976707
RAPSODI_native,below2km,ERA5,2024-08-10,1046,-4778.537322367152,236422.59476198672
RAPSODI_native,below2km,ERA5,2024-08-11,952,-9689.790648196735,198929.70008860528
RAPSODI_native,below2km,ERA5,2024-08-12,563,-4511.426723760356,94046.91980412662
RAPSODI_native,below2km,ERA5,2024-08-13,685,-6102.486108830035,103178.18380149313
RAPSODI_native,below2km,ERA5,2024-08-14,758,-3034.2302769319776,107323.61025925005
RAPSODI_native,below2km,ERA5,2024-08-15,946,-1736.028512580939,156379.55462622564
RAPSODI_native,below2km,ERA5,2024-08-16,1144,-6437.148798866149,141826.75320502004
RAPSODI_native,below2km,ERA5,2024-08-17,760,-4270.896930060658,43730.0767519498
RAPSODI_native,below2km,ERA5,2024-08-18,755,-5277.803981543235,57914.647818445235
RAPSODI_native,below2km,ERA5,2024-08-19,938,-10715.721637242375,273285.14115444414
RAPSODI_native,below2km,ERA5,2024-08-20,944,-3346.5389297169027,140884.06203387957
RAPSODI_native,below2km,ERA5,2024-08-21,761,-9247.791565251384,190885.54985755862
RAPSODI_native,below2km,ERA5,2024-08-22,1128,-10340.323055840998,147104.4060969752
RAPSODI_native,below2km,ERA5,2024-08-23,752,-7011.21602493606,87191.62786331667
RAPSODI_native,below2km,ERA5,2024-08-24,754,-7798.21279802084,219835.22757929788
RAPSODI_native,below2km,ERA5,2024-08-25,942,-6660.883014914653,385699.6052845686
RAPSODI_native,below2km,ERA5,2024-08-26,1131,-2426.473815689359,118680.62154976495
RAPSODI_native,below2km,ERA5,2024-08-27,935,-2304.6441114658674,26608.39591851375
RAPSODI_native,below2km,ERA5,2024-08-28,747,-2081.743629807674,87209.37490984802
RAPSODI_native,below2km,ERA5,2024-08-29,939,-5728.195979300737,139259.2171860661
RAPSODI_native,below2km,ERA5,2024-08-30,946,-6627.966467515076,253721.97185270058
RAPSODI_native,below2km,ERA5,2024-08-31,945,-8985.704352313029,127196.75650258362
RAPSODI_native,below2km,ERA5,2024-09-01,940,-12998.74695881142,328115.21614800015
RAPSODI_native,below2km,ERA5,2024-09-02,944,-11106.457007655568,318579.09904514014
RAPSODI_native,below2km,ERA5,2024-09-03,1129,-7092.730596408314,214269.32643858768
RAPSODI_native,below2km,ERA5,2024-09-04,749,-4940.849106823854,133204.32388825313
RAPSODI_native,below2km,ERA5,2024-09-05,752,-5902.754878770623,112090.7187508038
RAPSODI_native,below2km,ERA5,2024-09-06,749,-4485.358973319975,87095.44329269689
RAPSODI_native,below2km,ERA5,2024-09-07,942,-7622.462643095788,83798.04073196265
RAPSODI_native,below2km,ERA5,2024-09-08,747,-3402.859377598712,37393.88636834365
RAPSODI_native,below2km,ERA5,2024-09-09,748,-2381.4444270745907,99690.33474572029
RAPSODI_native,below2km,ERA5,2024-09-10,1134,-7938.988635634895,104610.99621728409
RAPSODI_native,below2km,ERA5,2024-09-11,187,-2214.8146272984595,29284.765555617192
RAPSODI_native,below2km,reference,2024-08-09,85,-185.48608967672732,6938.7862533139405
RAPSODI_native,below2km,reference,2024-08-10,1046,-1878.3300013367957,220292.06970167928
RAPSODI_native,below2km,reference,2024-08-11,952,-6672.389239010904,152651.91755526775
RAPSODI_native,below2km,reference,2024-08-12,563,-2756.115102135105,74256.97670865103
RAPSODI_native,below2km,reference,2024-08-13,685,-3978.3675236109684,73559.91278975795
RAPSODI_native,below2km,reference,2024-08-14,758,-914.4022097617399,97945.2276276731
RAPSODI_native,below2km,reference,2024-08-15,946,813.4229893010007,148074.6351332139
RAPSODI_native,below2km,reference,2024-08-16,1144,-2540.967811229734,110756.38118261792
RAPSODI_native,below2km,reference,2024-08-17,760,-1538.1160275309248,18668.095959210914
RAPSODI_native,below2km,reference,2024-08-18,755,-2632.995375057016,35545.809113182935
RAPSODI_native,below2km,reference,2024-08-19,938,-8134.332886565172,229566.39325543004
RAPSODI_native,below2km,reference,2024-08-20,944,-867.3515896587342,127764.56419381856
RAPSODI_native,below2km,reference,2024-08-21,761,-6654.076962682652,136140.28143088735
RAPSODI_native,below2km,reference,2024-08-22,1128,-6169.526606104067,82541.59396003418
RAPSODI_native,below2km,reference,2024-08-23,752,-4182.82299168417,49454.010831380205
RAPSODI_native,below2km,reference,2024-08-24,754,-5302.07717617936,180031.88797175634
RAPSODI_native,below2km,reference,2024-08-25,942,-4207.488596017487,353608.448412974
RAPSODI_native,below2km,reference,2024-08-26,1131,843.1615464878469,106779.50228093928
RAPSODI_native,below2km,reference,2024-08-27,935,744.9074384198279,21200.105779237834
RAPSODI_native,below2km,reference,2024-08-28,747,709.5600369133981,81537.02995459246
RAPSODI_native,below2km,reference,2024-08-29,939,-2191.281764867184,100586.628413905
RAPSODI_native,below2km,reference,2024-08-30,946,-3809.619902270941,220445.985394708
RAPSODI_native,below2km,reference,2024-08-31,945,-5919.521654298315,79545.58171435006
RAPSODI_native,below2km,reference,2024-09-01,940,-9846.222317614953,248518.20497433582
RAPSODI_native,below2km,reference,2024-09-02,944,-8147.538203381224,256247.3944910338
RAPSODI_native,below2km,reference,2024-09-03,1129,-3653.2420380903873,170644.46885550418
RAPSODI_native,below2km,reference,2024-09-04,749,-2541.194650958339,102864.24037866213
RAPSODI_native,below2km,reference,2024-09-05,752,-3714.4260881787673,90250.08536870628
RAPSODI_native,below2km,reference,2024-09-06,749,-2030.9710716377654,72077.54697284344
RAPSODI_native,below2km,reference,2024-09-07,942,-4297.272083232751,44399.42099711572
RAPSODI_native,below2km,reference,2024-09-08,747,-926.0186714646085,23343.162375472515
RAPSODI_native,below2km,reference,2024-09-09,748,-280.13246191650995,87707.80792740009
RAPSODI_native,below2km,reference,2024-09-10,1134,-3692.493273073722,59489.18553458334
RAPSODI_native,below2km,reference,2024-09-11,187,-1529.12726813056,15990.386626601638
RAPSODI_standard,1000,ERA5,2024-08-09,1,-2.756832824094431,7.6001272200044765
RAPSODI_standard,1000,ERA5,2024-08-10,6,-12.20685053747809,51.179158445109586
RAPSODI_standard,1000,ERA5,2024-08-11,5,-26.90205463954061,285.6167947987304
RAPSODI_standard,1000,ERA5,2024-08-12,3,-25.442103467323875,220.2820448999894
RAPSODI_standard,1000,ERA5,2024-08-13,4,-12.98653876076321,60.04077379209512
RAPSODI_standard,1000,ERA5,2024-08-14,4,-4.438544005154597,134.4706943061912
RAPSODI_standard,1000,ERA5,2024-08-15,5,-6.294310693914383,47.2827749210177
RAPSODI_standard,1000,ERA5,2024-08-16,6,-46.98144697552982,525.3424947716941
RAPSODI_standard,1000,ERA5,2024-08-17,4,-34.01879747184938,386.3266961789727
RAPSODI_standard,1000,ERA5,2024-08-18,4,-5.485254877780335,135.34344882317356
RAPSODI_standard,1000,ERA5,2024-08-19,5,-2.994444993034165,39.684359637161165
RAPSODI_standard,1000,ERA5,2024-08-20,5,-19.63863803889916,178.64562347293747
RAPSODI_standard,1000,ERA5,2024-08-21,4,-65.4051099788611,1156.1030214462153
RAPSODI_standard,1000,ERA5,2024-08-22,6,-85.18700615724691,1310.2701021709195
RAPSODI_standard,1000,ERA5,2024-08-23,4,-14.908323408816898,175.9698168181831
RAPSODI_standard,1000,ERA5,2024-08-24,4,5.221629873668007,22.98800323024593
RAPSODI_standard,1000,ERA5,2024-08-25,5,-11.179431207580933,73.64986946772612
RAPSODI_standard,1000,ERA5,2024-08-26,6,-19.49610408191353,333.33027815915864
RAPSODI_standard,1000,ERA5,2024-08-27,5,-13.536647861487438,76.27946450931802
RAPSODI_standard,1000,ERA5,2024-08-28,4,-20.92381491868946,135.19630189791323
RAPSODI_standard,1000,ERA5,2024-08-29,5,23.84483194385035,487.8448887807055
RAPSODI_standard,1000,ERA5,2024-08-30,5,13.191508652766856,58.70112040235496
RAPSODI_standard,1000,ERA5,2024-08-31,5,-17.610740427220833,96.62749224115726
RAPSODI_standard,1000,ERA5,2024-09-01,5,-8.698478284075293,50.72811278436256
RAPSODI_standard,1000,ERA5,2024-09-02,5,-6.48121239265015,22.714604321881357
RAPSODI_standard,1000,ERA5,2024-09-03,6,-14.041330511712772,189.6318336103695
RAPSODI_standard,1000,ERA5,2024-09-04,4,-4.6224405935838035,9.64642171230428
RAPSODI_standard,1000,ERA5,2024-09-05,4,22.009388247703555,226.30409298537165
RAPSODI_standard,1000,ERA5,2024-09-06,4,6.156422118097396,202.65630569094827
RAPSODI_standard,1000,ERA5,2024-09-07,5,-16.443708635752728,176.62266604108916
RAPSODI_standard,1000,ERA5,2024-09-08,4,-23.783209263819515,155.79545836230005
RAPSODI_standard,1000,ERA5,2024-09-09,4,-29.153280187201233,318.9738019131965
RAPSODI_standard,1000,ERA5,2024-09-10,6,-13.461687579662794,150.06901514176107
RAPSODI_standard,1000,ERA5,2024-09-11,1,-15.125632801549386,228.78476764730675
RAPSODI_standard,1000,reference,2024-08-09,1,2.649961125003907,7.022293964031973
RAPSODI_standard,1000,reference,2024-08-10,6,19.87132783839595,89.19838654578626
RAPSODI_standard,1000,reference,2024-08-11,5,3.544961967977377,138.79690447440612
RAPSODI_standard,1000,reference,2024-08-12,3,-7.904346270423131,26.050190225835877
RAPSODI_standard,1000,reference,2024-08-13,4,9.090091848452497,40.10076128975247
RAPSODI_standard,1000,reference,2024-08-14,4,16.1003517326334,200.20125868741346
RAPSODI_standard,1000,reference,2024-08-15,5,24.549957200008173,167.94892709932262
RAPSODI_standard,1000,reference,2024-08-16,6,-9.020400346924326,181.54196102031398
RAPSODI_standard,1000,reference,2024-08-17,4,-9.174923192624616,125.18460244021854
RAPSODI_standard,1000,reference,2024-08-18,4,17.196918244342296,202.48968983188553
RAPSODI_standard,1000,reference,2024-08-19,5,24.293372129704338,153.28476132336917
RAPSODI_standard,1000,reference,2024-08-20,5,8.529651595276352,124.90800806006438
RAPSODI_standard,1000,reference,2024-08-21,4,-41.33403232775734,501.9446119622017
RAPSODI_standard,1000,reference,2024-08-22,6,-48.213895123354604,492.51636087371196
RAPSODI_standard,1000,reference,2024-08-23,4,9.745418021893567,155.92035890157706
RAPSODI_standard,1000,reference,2024-08-24,4,29.18302052287882,228.78565341301703
RAPSODI_standard,1000,reference,2024-08-25,5,17.320011485916634,102.67285069226908
RAPSODI_standard,1000,reference,2024-08-26,6,17.224820598868984,330.3593751239959
RAPSODI_standard,1000,reference,2024-08-27,5,16.840383529121834,101.71415997624707
RAPSODI_standard,1000,reference,2024-08-28,4,3.2233152207714175,31.37150976923639
RAPSODI_standard,1000,reference,2024-08-29,5,54.00456131379802,970.7882638957237
RAPSODI_standard,1000,reference,2024-08-30,5,40.72472577270482,355.1779814169991
RAPSODI_standard,1000,reference,2024-08-31,5,11.024992831912364,60.728630536415984
RAPSODI_standard,1000,reference,2024-09-01,5,18.660951792431916,107.97243170817018
RAPSODI_standard,1000,reference,2024-09-02,5,20.93001682374778,103.56344080586331
RAPSODI_standard,1000,reference,2024-09-03,6,19.987321189562177,210.16831796541373
RAPSODI_standard,1000,reference,2024-09-04,4,17.502489048163394,83.17305486724312
RAPSODI_standard,1000,reference,2024-09-05,4,43.85053664717548,589.5242283059888
RAPSODI_standard,1000,reference,2024-09-06,4,28.687355305803898,413.3005574303253
RAPSODI_standard,1000,reference,2024-09-07,5,11.977977174642268,160.79824148459758
RAPSODI_standard,1000,reference,2024-09-08,4,-1.229435045319084,11.487560641150049
RAPSODI_standard,1000,reference,2024-09-09,4,-7.016073102705379,127.18509850824381
RAPSODI_standard,1000,reference,2024-09-10,6,22.34607732006454,216.79005617282368
RAPSODI_standard,1000,reference,2024-09-11,1,-9.053299078407306,81.96222420309059
RAPSODI_standard,300,ERA5,2024-08-10,3,-1.1896877464141653,1.2481977689471764
RAPSODI_standard,300,ERA5,2024-08-11,3,-0.7727499847251948,0.34793792465345785
RAPSODI_standard,300,ERA5,2024-08-12,2,-1.0091727239309307,0.6505262891444659
RAPSODI_standard,300,ERA5,2024-08-13,2,-1.1630272348547663,0.988085681496494
RAPSODI_standard,300,ERA5,2024-08-14,2,0.002561257939760253,0.0729392084161107
RAPSODI_standard,300,ERA5,2024-08-15,4,0.11420202136991975,0.13387304471065434
RAPSODI_standard,300,ERA5,2024-08-16,6,-2.451775070870454,1.2524588253156859
RAPSODI_standard,300,ERA5,2024-08-17,4,0.1959121321139463,0.022482881596731112
RAPSODI_standard,300,ERA5,2024-08-18,4,-1.1897300228616245,0.5028034017516323
RAPSODI_standard,300,ERA5,2024-08-19,5,-1.7395335631801458,1.402070182197872
RAPSODI_standard,300,ERA5,2024-08-20,5,-0.17757282902557847,0.36402947043996364
RAPSODI_standard,300,ERA5,2024-08-21,4,0.03519397626864418,0.6274756634005703
RAPSODI_standard,300,ERA5,2024-08-22,6,-2.9489968909798563,3.615744009065134
RAPSODI_standard,300,ERA5,2024-08-23,4,-1.5237525823299336,0.660935947002801
RAPSODI_standard,300,ERA5,2024-08-24,4,0.48545423838663737,0.5825748617136733
RAPSODI_standard,300,ERA5,2024-08-25,5,-2.14194255323261,2.0690118657075147
RAPSODI_standard,300,ERA5,2024-08-26,6,-1.9663931140208462,1.3932678668200469
RAPSODI_standard,300,ERA5,2024-08-27,5,-0.7156496561780017,0.1349836351555162
RAPSODI_standard,300,ERA5,2024-08-28,3,-1.7468073817823608,1.6974596634861863
RAPSODI_standard,300,ERA5,2024-08-29,5,-2.201234357161198,1.6624087638174079
RAPSODI_standard,300,ERA5,2024-08-30,5,-4.587018753901731,6.33798021039368
RAPSODI_standard,300,ERA5,2024-08-31,5,-2.254178263291166,2.320827319663619
RAPSODI_standard,300,ERA5,2024-09-01,5,-0.2630662628393736,0.3567527184100271
RAPSODI_standard,300,ERA5,2024-09-02,5,0.8544308703086045,0.28363348660562065
RAPSODI_standard,300,ERA5,2024-09-03,6,-1.7363344801830323,1.420989879076975
RAPSODI_standard,300,ERA5,2024-09-04,4,0.3495814549464029,0.19620482055626165
RAPSODI_standard,300,ERA5,2024-09-05,4,-0.2302054823396844,0.18088457872498231
RAPSODI_standard,300,ERA5,2024-09-06,4,0.136118853252313,0.07528429914855472
RAPSODI_standard,300,ERA5,2024-09-07,5,-0.5407122327876124,0.20178128616363467
RAPSODI_standard,300,ERA5,2024-09-08,4,-0.5080087991288451,0.25821688954066296
RAPSODI_standard,300,ERA5,2024-09-09,4,-1.434373064857681,0.5871380841963637
RAPSODI_standard,300,ERA5,2024-09-10,6,-3.2325803475053903,3.5615309896556986
RAPSODI_standard,300,ERA5,2024-09-11,1,0.3687948398350045,0.13600963388892662
RAPSODI_standard,300,reference,2024-08-10,3,-0.7149734695630409,0.9386734017073027
RAPSODI_standard,300,reference,2024-08-11,3,-0.29895392068518933,0.18158241022363544
RAPSODI_standard,300,reference,2024-08-12,2,-0.689236073805378,0.3788346784987049
RAPSODI_standard,300,reference,2024-08-13,2,-0.8430905847292136,0.6671703740190558
RAPSODI_standard,300,reference,2024-08-14,2,0.32295701447087244,0.12491130307232352
RAPSODI_standard,300,reference,2024-08-15,4,0.731902108055789,0.26420330798065056
RAPSODI_standard,300,reference,2024-08-16,6,-1.7043790936667693,0.7734182981806095
RAPSODI_standard,300,reference,2024-08-17,4,0.8367036451761707,0.18786087156079262
RAPSODI_standard,300,reference,2024-08-18,4,-0.5498567226105191,0.22452462377704724
RAPSODI_standard,300,reference,2024-08-19,5,-0.939691937866264,0.9734789663300001
RAPSODI_standard,300,reference,2024-08-20,5,0.6222687962883033,0.43516673948515294
RAPSODI_standard,300,reference,2024-08-21,4,0.669876578182545,0.7472674420249645
RAPSODI_standard,300,reference,2024-08-22,6,-2.1780834819939963,2.797469061423813
RAPSODI_standard,300,reference,2024-08-23,4,-0.8838792820788282,0.2757911102855619
RAPSODI_standard,300,reference,2024-08-24,4,1.1253275386377428,0.840248924625906
RAPSODI_standard,300,reference,2024-08-25,5,-1.3421009279187284,1.5116752655818506
RAPSODI_standard,300,reference,2024-08-26,6,-1.006583163644188,0.917685831230604
RAPSODI_standard,300,reference,2024-08-27,5,-0.04233674585444534,0.017082991469891198
RAPSODI_standard,300,reference,2024-08-28,3,-1.267500093990492,1.215885614047423
RAPSODI_standard,300,reference,2024-08-29,5,-1.401392731847316,1.08610254256293
RAPSODI_standard,300,reference,2024-08-30,5,-3.7867180221822894,4.9987215934984714
RAPSODI_standard,300,reference,2024-08-31,5,-1.451753446206498,1.7246388952401015
RAPSODI_standard,300,reference,2024-09-01,5,0.5367753624745082,0.4005375046331001
RAPSODI_standard,300,reference,2024-09-02,5,1.6542724956224863,0.6849465621329666
RAPSODI_standard,300,reference,2024-09-03,6,-0.7666382853333247,1.0171761002459292
RAPSODI_standard,300,reference,2024-09-04,4,0.9891559114992783,0.41014311665104713
RAPSODI_standard,300,reference,2024-09-05,4,0.36897044042446914,0.2026673072939426
RAPSODI_standard,300,reference,2024-09-06,4,0.7364684493516038,0.20641188050493145
RAPSODI_standard,300,reference,2024-09-07,5,0.2064957726230183,0.1518354432486371
RAPSODI_standard,300,reference,2024-09-08,4,0.08915991780319937,0.1958384293613284
RAPSODI_standard,300,reference,2024-09-09,4,-0.8369055042274064,0.24789923368454425
RAPSODI_standard,300,reference,2024-09-10,6,-2.3359307410126333,2.729363776943992
RAPSODI_standard,300,reference,2024-09-11,1,0.455270927120198,0.20727161708088465
RAPSODI_standard,500,ERA5,2024-08-10,3,4.698147355025981,57.951529369807716
RAPSODI_standard,500,ERA5,2024-08-11,3,-10.84619813552004,43.621373000034595
RAPSODI_standard,500,ERA5,2024-08-12,2,-10.613970650034759,58.61584818534349
RAPSODI_standard,500,ERA5,2024-08-13,3,-9.466295404175838,62.9562820532712
RAPSODI_standard,500,ERA5,2024-08-14,4,4.131791085242185,13.185968589147175
RAPSODI_standard,500,ERA5,2024-08-15,4,7.050207264001386,85.68758513076597
RAPSODI_standard,500,ERA5,2024-08-16,6,0.10816381873567593,20.307944096342545
RAPSODI_standard,500,ERA5,2024-08-17,4,-13.994035280353728,50.86840966692122
RAPSODI_standard,500,ERA5,2024-08-18,4,-12.894957575492754,53.37805051514516
RAPSODI_standard,500,ERA5,2024-08-19,5,-15.203431179195007,50.166010571516026
RAPSODI_standard,500,ERA5,2024-08-20,5,-18.940080010336203,84.03891046939194
RAPSODI_standard,500,ERA5,2024-08-21,4,-12.915698377784537,84.22866455922211
RAPSODI_standard,500,ERA5,2024-08-22,6,-17.752672601711794,137.68299181466213
RAPSODI_standard,500,ERA5,2024-08-23,4,-12.401918155994792,46.73888981485357
RAPSODI_standard,500,ERA5,2024-08-24,4,-11.548446363060378,104.03394211925448
RAPSODI_standard,500,ERA5,2024-08-25,5,-12.682095708679839,42.73904784557718
RAPSODI_standard,500,ERA5,2024-08-26,6,-12.291238893829671,48.529086663918385
RAPSODI_standard,500,ERA5,2024-08-27,5,-14.164317691991243,54.01756793231704
RAPSODI_standard,500,ERA5,2024-08-28,4,-1.5260893413322663,7.929011747054737
RAPSODI_standard,500,ERA5,2024-08-29,5,6.140829498965246,100.09202676710967
RAPSODI_standard,500,ERA5,2024-08-30,5,-18.223277594884678,77.38520270609827
RAPSODI_standard,500,ERA5,2024-08-31,5,-0.6135854237631975,20.731328913314112
RAPSODI_standard,500,ERA5,2024-09-01,5,-2.065198419432903,7.848070412007106
RAPSODI_standard,500,ERA5,2024-09-02,5,-12.432506039598877,50.409123672674966
RAPSODI_standard,500,ERA5,2024-09-03,6,-14.722139868894061,47.67307999225159
RAPSODI_standard,500,ERA5,2024-09-04,4,3.583336739349676,13.403213960853249
RAPSODI_standard,500,ERA5,2024-09-05,4,-1.6065946738310117,12.644640410543511
RAPSODI_standard,500,ERA5,2024-09-06,4,-2.39721295284437,127.44617243521778
RAPSODI_standard,500,ERA5,2024-09-07,5,2.9558064538431097,41.86354374748737
RAPSODI_standard,500,ERA5,2024-09-08,4,-7.979544790216096,47.8877810999928
RAPSODI_standard,500,ERA5,2024-09-09,4,-12.212946745224144,97.31726885401021
RAPSODI_standard,500,ERA5,2024-09-10,6,-11.784597954274801,208.30463670054925
RAPSODI_standard,500,ERA5,2024-09-11,1,-1.9233646608022354,3.699331618422898
RAPSODI_standard,500,reference,2024-08-10,3,6.407020511195987,61.957284011072225
RAPSODI_standard,500,reference,2024-08-11,3,-9.13894417891144,32.181883884039415
RAPSODI_standard,500,reference,2024-08-12,2,-9.826487602396243,49.83023931811584
RAPSODI_standard,500,reference,2024-08-13,3,-7.7959151804856175,53.92514360364024
RAPSODI_standard,500,reference,2024-08-14,4,5.050796364187488,14.911892336044176
RAPSODI_standard,500,reference,2024-08-15,4,9.11407829413345,94.19579414087067
RAPSODI_standard,500,reference,2024-08-16,6,4.1604129538023455,23.332000221442502
RAPSODI_standard,500,reference,2024-08-17,4,-12.133569355289596,39.160668338377135
RAPSODI_standard,500,reference,2024-08-18,4,-10.243440148545055,39.02508049654426
RAPSODI_standard,500,reference,2024-08-19,5,-11.667496930154986,30.875328159321526
RAPSODI_standard,500,reference,2024-08-20,5,-16.25151437608503,66.24784463356316
RAPSODI_standard,500,reference,2024-08-21,4,-10.72740342387274,73.96268187499435
RAPSODI_standard,500,reference,2024-08-22,6,-13.961706435106557,119.26431183609273
RAPSODI_standard,500,reference,2024-08-23,4,-9.710130624938241,32.03488949218312
RAPSODI_standard,500,reference,2024-08-24,4,-9.808477549034102,92.77405765551795
RAPSODI_standard,500,reference,2024-08-25,5,-9.190951962444437,27.773294513451827
RAPSODI_standard,500,reference,2024-08-26,6,-7.985083645631051,33.954979327790674
RAPSODI_standard,500,reference,2024-08-27,5,-11.23556681271903,38.72233033560043
RAPSODI_standard,500,reference,2024-08-28,4,0.07992302174987209,8.357721088521444
RAPSODI_standard,500,reference,2024-08-29,5,9.174003065681045,109.63224872758752
RAPSODI_standard,500,reference,2024-08-30,5,-15.282375800597903,57.648000242656074
RAPSODI_standard,500,reference,2024-08-31,5,0.8902272588084013,19.746753533032557
RAPSODI_standard,500,reference,2024-09-01,5,-0.8704683344620312,6.360428342074638
RAPSODI_standard,500,reference,2024-09-02,5,-11.046400484322707,42.07680798693578
RAPSODI_standard,500,reference,2024-09-03,6,-10.69603857932382,30.7330330548226
RAPSODI_standard,500,reference,2024-09-04,4,6.525344956351527,20.836813263248953
RAPSODI_standard,500,reference,2024-09-05,4,0.9222022587241949,12.78036023427918
RAPSODI_standard,500,reference,2024-09-06,4,-0.19290649452582898,128.2422734329083
RAPSODI_standard,500,reference,2024-09-07,5,3.9980248898624318,42.98655536354216
RAPSODI_standard,500,reference,2024-09-08,4,-7.1306387084028975,45.04554353519386
RAPSODI_standard,500,reference,2024-09-09,4,-9.861488215291768,84.00941758114294
RAPSODI_standard,500,reference,2024-09-10,6,-8.363253710985873,196.84381219629873
RAPSODI_standard,500,reference,2024-09-11,1,-1.2491365489624022,1.5603421179536998
RAPSODI_standard,700,ERA5,2024-08-10,5,-1.6654780132489861,43.18286458726795
RAPSODI_standard,700,ERA5,2024-08-11,5,-7.3973605777526075,222.6720101881067
RAPSODI_standard,700,ERA5,2024-08-12,3,16.667172392504625,160.149687467059
RAPSODI_standard,700,ERA5,2024-08-13,3,11.941864935208173,54.96421151173297
RAPSODI_standard,700,ERA5,2024-08-14,4,-5.589224392880709,23.892247663443364
RAPSODI_standard,700,ERA5,2024-08-15,5,-5.204825242091999,67.57970405428956
RAPSODI_standard,700,ERA5,2024-08-16,6,-55.4395569543656,622.2861515127706
RAPSODI_standard,700,ERA5,2024-08-17,4,-16.100567879297444,118.59710956663581
RAPSODI_standard,700,ERA5,2024-08-18,4,-38.39178113098001,416.2963644130341
RAPSODI_standard,700,ERA5,2024-08-19,5,-33.32242364668704,384.3085071935631
RAPSODI_standard,700,ERA5,2024-08-20,5,-22.742666546851382,216.2604537962603
RAPSODI_standard,700,ERA5,2024-08-21,4,-23.051292477307697,157.7428548108675
RAPSODI_standard,700,ERA5,2024-08-22,6,-70.7880146762254,905.71944275062
RAPSODI_standard,700,ERA5,2024-08-23,4,-15.871906236880193,102.3068043978815
RAPSODI_standard,700,ERA5,2024-08-24,4,-25.52100199351412,313.9719950120227
RAPSODI_standard,700,ERA5,2024-08-25,5,-12.102076752019855,337.2165240611705
RAPSODI_standard,700,ERA5,2024-08-26,6,-36.90299504745576,318.1524178369722
RAPSODI_standard,700,ERA5,2024-08-27,5,-39.07142919017494,384.95629363533413
RAPSODI_standard,700,ERA5,2024-08-28,4,-30.54540902477592,265.97357339688875
RAPSODI_standard,700,ERA5,2024-08-29,5,-5.7071805469521735,57.9946941906578
RAPSODI_standard,700,ERA5,2024-08-30,5,4.1751617351745836,19.69483191616882
RAPSODI_standard,700,ERA5,2024-08-31,5,1.115916721168702,19.46225835370943
RAPSODI_standard,700,ERA5,2024-09-01,5,-7.5129347302646465,32.85134557438848
RAPSODI_standard,700,ERA5,2024-09-02,5,-11.119832340972266,65.82083187813933
RAPSODI_standard,700,ERA5,2024-09-03,6,-43.52533735545006,398.38693350779477
RAPSODI_standard,700,ERA5,2024-09-04,4,-32.728109965023634,355.2886877113518
RAPSODI_standard,700,ERA5,2024-09-05,4,-27.755988118796495,378.84254741542685
RAPSODI_standard,700,ERA5,2024-09-06,4,-25.44064063908897,176.9715823026451
RAPSODI_standard,700,ERA5,2024-09-07,5,-1.1475541504594275,198.8416589309904
RAPSODI_standard,700,ERA5,2024-09-08,4,-10.831618458438015,44.23489197366372
RAPSODI_standard,700,ERA5,2024-09-09,4,-29.932395402912903,257.2056085504561
RAPSODI_standard,700,ERA5,2024-09-10,6,-34.88748703809887,358.2537057673568
RAPSODI_standard,700,ERA5,2024-09-11,1,-4.572057129638665,20.90370639667975
RAPSODI_standard,700,reference,2024-08-10,5,0.9000549689000494,42.52504777892096
RAPSODI_standard,700,reference,2024-08-11,5,-1.6133323606150185,212.54998294508195
RAPSODI_standard,700,reference,2024-08-12,3,20.552904080286954,208.0099714930512
RAPSODI_standard,700,reference,2024-08-13,3,15.514587417725473,87.65924336179008
RAPSODI_standard,700,reference,2024-08-14,4,-2.3775370297892144,17.240961818318432
RAPSODI_standard,700,reference,2024-08-15,5,-2.632934145155898,65.04406236657245
RAPSODI_standard,700,reference,2024-08-16,6,-47.37636421181902,476.9125740619479
RAPSODI_standard,700,reference,2024-08-17,4,-10.299310532756135,80.25815398565355
RAPSODI_standard,700,reference,2024-08-18,4,-35.00727924519784,349.0621961104446
RAPSODI_standard,700,reference,2024-08-19,5,-29.638111444489862,321.8131488652921
RAPSODI_standard,700,reference,2024-08-20,5,-15.39340228874476,160.02829299226025
RAPSODI_standard,700,reference,2024-08-21,4,-17.16832707788474,99.29183956263944
RAPSODI_standard,700,reference,2024-08-22,6,-61.50460868772245,702.4083187435549
RAPSODI_standard,700,reference,2024-08-23,4,-10.215955204633573,62.4162117705968
RAPSODI_standard,700,reference,2024-08-24,4,-20.51503642108793,258.95775355019396
RAPSODI_standard,700,reference,2024-08-25,5,-6.4652609202463465,322.037766340355
RAPSODI_standard,700,reference,2024-08-26,6,-29.244993632587565,230.31546965266807
RAPSODI_standard,700,reference,2024-08-27,5,-31.99921994520556,283.1325809447841
RAPSODI_standard,700,reference,2024-08-28,4,-25.129360442436806,189.02309640547003
RAPSODI_standard,700,reference,2024-08-29,5,1.4273620355276266,51.48966933753261
RAPSODI_standard,700,reference,2024-08-30,5,10.073877549399697,36.85322225194936
RAPSODI_standard,700,reference,2024-08-31,5,6.790540693294237,28.605468464285273
RAPSODI_standard,700,reference,2024-09-01,5,-1.709176953334412,22.25105813205094
RAPSODI_standard,700,reference,2024-09-02,5,-4.954807386428794,45.8698365584782
RAPSODI_standard,700,reference,2024-09-03,6,-35.43069411516678,286.4952810160834
RAPSODI_standard,700,reference,2024-09-04,4,-27.66925830644726,278.46581947907765
RAPSODI_standard,700,reference,2024-09-05,4,-22.627053103883743,311.8243635274317
RAPSODI_standard,700,reference,2024-09-06,4,-20.68783379831875,121.88332688744536
RAPSODI_standard,700,reference,2024-09-07,5,5.1940576822929945,201.763504496452
RAPSODI_standard,700,reference,2024-09-08,4,-5.942547661142859,23.906737189472384
RAPSODI_standard,700,reference,2024-09-09,4,-24.70698562443374,188.01095267156205
RAPSODI_standard,700,reference,2024-09-10,6,-25.69859337235616,267.7776004111427
RAPSODI_standard,700,reference,2024-09-11,1,-2.9500859975619864,8.703007393011301
RAPSODI_standard,850,ERA5,2024-08-09,1,-14.769060092882626,218.12513602717814
RAPSODI_standard,850,ERA5,2024-08-10,6,-45.07640879088382,576.692162534009
RAPSODI_standard,850,ERA5,2024-08-11,5,-140.74049036839529,4395.285432575996
RAPSODI_standard,850,ERA5,2024-08-12,3,-81.18229223344207,2497.045971570904
RAPSODI_standard,850,ERA5,2024-08-13,4,-67.16635544656975,2026.2322590744625
RAPSODI_standard,850,ERA5,2024-08-14,4,-9.538198173977918,130.70051157296786
RAPSODI_standard,850,ERA5,2024-08-15,5,36.92350581939709,500.00778696242827
RAPSODI_standard,850,ERA5,2024-08-16,6,-66.1686539206492,1563.9955583187718
RAPSODI_standard,850,ERA5,2024-08-17,4,-30.024404838921726,258.8263514333325
RAPSODI_standard,850,ERA5,2024-08-18,4,-46.902867764858456,762.6955691841522
RAPSODI_standard,850,ERA5,2024-08-19,5,-137.09427206669386,3925.659815014553
RAPSODI_standard,850,ERA5,2024-08-20,5,-4.291165262235722,462.70351718946597
RAPSODI_standard,850,ERA5,2024-08-21,4,-106.57776370217175,2859.093885164841
RAPSODI_standard,850,ERA5,2024-08-22,6,-76.1701669838165,1223.7835034883046
RAPSODI_standard,850,ERA5,2024-08-23,4,-55.128013506939396,793.9634724601823
RAPSODI_standard,850,ERA5,2024-08-24,4,-67.41901759839703,1500.0852654843864
RAPSODI_standard,850,ERA5,2024-08-25,5,16.109417128479066,147.14938046579869
RAPSODI_standard,850,ERA5,2024-08-26,6,28.387714823251656,1142.9982768545983
RAPSODI_standard,850,ERA5,2024-08-27,5,-14.327134204575316,114.6921727312506
RAPSODI_standard,850,ERA5,2024-08-28,4,-23.07752359091512,260.7573021472117
RAPSODI_standard,850,ERA5,2024-08-29,5,-0.3704081420789862,117.91458304370927
RAPSODI_standard,850,ERA5,2024-08-30,5,-13.173611992654969,600.5879295190824
RAPSODI_standard,850,ERA5,2024-08-31,5,-38.95740839547102,756.2868781915843
RAPSODI_standard,850,ERA5,2024-09-01,5,-66.73503395215664,1271.0105918771737
RAPSODI_standard,850,ERA5,2024-09-02,5,-12.702268139633077,164.8779760219157
RAPSODI_standard,850,ERA5,2024-09-03,6,20.105920994097886,427.2113243533665
RAPSODI_standard,850,ERA5,2024-09-04,4,-26.081722463776714,227.49197908033713
RAPSODI_standard,850,ERA5,2024-09-05,4,-23.567151405770232,713.1429874300331
RAPSODI_standard,850,ERA5,2024-09-06,4,-39.790115296012516,546.0086726071494
RAPSODI_standard,850,ERA5,2024-09-07,5,-39.57601945709018,321.33556297211464
RAPSODI_standard,850,ERA5,2024-09-08,4,-32.93343484760044,355.5337754329761
RAPSODI_standard,850,ERA5,2024-09-09,4,-10.047530388585301,335.25833696185794
RAPSODI_standard,850,ERA5,2024-09-10,6,-37.0827084780708,301.7483673486218
RAPSODI_standard,850,ERA5,2024-09-11,1,-17.9051741908919,320.5952628061813
RAPSODI_standard,850,reference,2024-08-09,1,-13.2394739388212,175.28367017672576
RAPSODI_standard,850,reference,2024-08-10,6,-38.40671384098842,462.63991757521376
RAPSODI_standard,850,reference,2024-08-11,5,-128.69903343963773,3737.7469524695634
RAPSODI_standard,850,reference,2024-08-12,3,-74.45499868972367,2174.9455851017115
RAPSODI_standard,850,reference,2024-08-13,4,-57.81091093642159,1695.8769817013633
RAPSODI_standard,850,reference,2024-08-14,4,-2.844712086861607,117.79771286934357
RAPSODI_standard,850,reference,2024-08-15,5,43.84713408965698,614.2817054585421
RAPSODI_standard,850,reference,2024-08-16,6,-49.554702454013835,1293.6551122281721
RAPSODI_standard,850,reference,2024-08-17,4,-16.034723503040357,96.38610396703547
RAPSODI_standard,850,reference,2024-08-18,4,-35.338376706658806,549.8034760020719
RAPSODI_standard,850,reference,2024-08-19,5,-125.80303910103734,3345.0709960873205
RAPSODI_standard,850,reference,2024-08-20,5,3.2324836287471674,444.2726653327556
RAPSODI_standard,850,reference,2024-08-21,4,-94.4459314397961,2245.4269732149933
RAPSODI_standard,850,reference,2024-08-22,6,-55.03081611870322,769.2778462698636
RAPSODI_standard,850,reference,2024-08-23,4,-43.03719318823774,484.86535855907744
RAPSODI_standard,850,reference,2024-08-24,4,-59.58756175826454,1290.0576553708588
RAPSODI_standard,850,reference,2024-08-25,5,21.73243767556256,187.95168445195029
RAPSODI_standard,850,reference,2024-08-26,6,38.615093426968855,1329.2477781289988
RAPSODI_standard,850,reference,2024-08-27,5,-0.039727950086730246,59.54576090318086
RAPSODI_standard,850,reference,2024-08-28,4,-12.311983917198184,165.93181884505157
RAPSODI_standard,850,reference,2024-08-29,5,9.288015434220885,131.23794796800132
RAPSODI_standard,850,reference,2024-08-30,5,-4.079889563882009,569.8673491470632
RAPSODI_standard,850,reference,2024-08-31,5,-24.326757577610287,533.3798375422267
RAPSODI_standard,850,reference,2024-09-01,5,-56.34378631530211,1010.9856488937002
RAPSODI_standard,850,reference,2024-09-02,5,-2.658559631362742,137.00855803961994
RAPSODI_standard,850,reference,2024-09-03,6,30.52258742800788,521.5552881303038
RAPSODI_standard,850,reference,2024-09-04,4,-18.280492053142563,139.93562477307847
RAPSODI_standard,850,reference,2024-09-05,4,-16.4504092224991,653.5840162027544
RAPSODI_standard,850,reference,2024-09-06,4,-27.92147921826356,348.14574452352394
RAPSODI_standard,850,reference,2024-09-07,5,-21.65975671913163,101.31453253493017
RAPSODI_standard,850,reference,2024-09-08,4,-21.155832300729337,205.51998813670164
RAPSODI_standard,850,reference,2024-09-09,4,-3.8859633641123663,311.9385840526562
RAPSODI_standard,850,reference,2024-09-10,6,-21.09100102864806,144.91808642164392
RAPSODI_standard,850,reference,2024-09-11,1,-14.632955071006064,214.1233741100821
RAPSODI_standard,925,ERA5,2024-08-09,1,-15.643284656098842,244.71235483173749
RAPSODI_standard,925,ERA5,2024-08-10,6,-3.809945255092174,2752.174744402599
RAPSODI_standard,925,ERA5,2024-08-11,5,-14.98114923877597,94.06043876139582
RAPSODI_standard,925,ERA5,2024-08-12,3,-7.660929786378347,164.81487580770295
RAPSODI_standard,925,ERA5,2024-08-13,4,-21.109916784119378,215.379547436986
RAPSODI_standard,925,ERA5,2024-08-14,4,-30.638465036873527,745.3578546325003
RAPSODI_standard,925,ERA5,2024-08-15,5,-25.68009511185113,169.07430750974083
RAPSODI_standard,925,ERA5,2024-08-16,6,-15.369883380619001,191.92451381875634
RAPSODI_standard,925,ERA5,2024-08-17,4,-8.64193180810156,67.03891230588442
RAPSODI_standard,925,ERA5,2024-08-18,4,-12.814747341840814,85.16185761808867
RAPSODI_standard,925,ERA5,2024-08-19,5,-26.389977291529988,148.82650193108418
RAPSODI_standard,925,ERA5,2024-08-20,5,-14.372394823675904,82.78213939313791
RAPSODI_standard,925,ERA5,2024-08-21,4,-34.478495795119784,621.8556934283865
RAPSODI_standard,925,ERA5,2024-08-22,6,-35.133509835357415,266.14923901756833
RAPSODI_standard,925,ERA5,2024-08-23,4,-27.383443711200243,227.09539335491834
RAPSODI_standard,925,ERA5,2024-08-24,4,-94.25374914375021,3189.579434951261
RAPSODI_standard,925,ERA5,2024-08-25,5,-57.97136691561451,1618.8443143850131
RAPSODI_standard,925,ERA5,2024-08-26,6,-45.024812291487024,356.5501878817411
RAPSODI_standard,925,ERA5,2024-08-27,5,-8.047612070442256,52.82383691647113
RAPSODI_standard,925,ERA5,2024-08-28,4,-4.758680016697724,656.2912101284426
RAPSODI_standard,925,ERA5,2024-08-29,5,-93.90442877871658,2083.893776940542
RAPSODI_standard,925,ERA5,2024-08-30,5,-158.07041813353953,5646.4109722425255
RAPSODI_standard,925,ERA5,2024-08-31,5,-38.71872713893498,515.9040085350449
RAPSODI_standard,925,ERA5,2024-09-01,5,-131.31256363202488,3672.2415393593865
RAPSODI_standard,925,ERA5,2024-09-02,5,-216.85719091740896,10437.224249805884
RAPSODI_standard,925,ERA5,2024-09-03,6,-165.22189127752148,5724.253116588529
RAPSODI_standard,925,ERA5,2024-09-04,4,-68.95526598055369,1340.9492922162337
RAPSODI_standard,925,ERA5,2024-09-05,4,-67.89708735429735,1202.928302241258
RAPSODI_standard,925,ERA5,2024-09-06,4,-12.732529260658794,101.00275514353115
RAPSODI_standard,925,ERA5,2024-09-07,5,-37.95889800172961,311.0036452070222
RAPSODI_standard,925,ERA5,2024-09-08,4,-19.85032162486948,120.19800964664717
RAPSODI_standard,925,ERA5,2024-09-09,4,-31.431242095011726,403.7943074870735
RAPSODI_standard,925,ERA5,2024-09-10,6,-82.18123609782037,2348.7704060425376
RAPSODI_standard,925,ERA5,2024-09-11,1,-11.394898875122237,129.84372037426203
RAPSODI_standard,925,reference,2024-08-09,1,-11.772876380158172,138.60061826248617
RAPSODI_standard,925,reference,2024-08-10,6,15.31124437949694,2854.983613284208
RAPSODI_standard,925,reference,2024-08-11,5,-0.76657950557721,47.26943520965873
RAPSODI_standard,925,reference,2024-08-12,3,1.2365822524335623,149.25470716458898
RAPSODI_standard,925,reference,2024-08-13,4,-9.515882321159586,120.56370378798131
RAPSODI_standard,925,reference,2024-08-14,4,-17.82083565376349,585.6316171016026
RAPSODI_standard,925,reference,2024-08-15,5,-11.738780814246724,64.05785085504012
RAPSODI_standard,925,reference,2024-08-16,6,2.349720763907351,143.5407620676104
RAPSODI_standard,925,reference,2024-08-17,4,2.058540436567359,36.45885019571455
RAPSODI_standard,925,reference,2024-08-18,4,0.7770940966715467,55.28262061410196
RAPSODI_standard,925,reference,2024-08-19,5,-15.43651243006035,57.04395694595664
RAPSODI_standard,925,reference,2024-08-20,5,-1.6476093071496107,41.4017447470368
RAPSODI_standard,925,reference,2024-08-21,4,-23.328235131245183,451.7806505537149
RAPSODI_standard,925,reference,2024-08-22,6,-17.65705578610762,114.64687683233115
RAPSODI_standard,925,reference,2024-08-23,4,-12.834890363690752,86.49681159065412
RAPSODI_standard,925,reference,2024-08-24,4,-79.46213790824812,2589.1657030276388
RAPSODI_standard,925,reference,2024-08-25,5,-43.44601364906454,1361.7909896534165
RAPSODI_standard,925,reference,2024-08-26,6,-28.085489138010992,149.0075624290602
RAPSODI_standard,925,reference,2024-08-27,5,4.580239416933617,35.05848785018835
RAPSODI_standard,925,reference,2024-08-28,4,11.181029131535842,627.2945252205055
RAPSODI_standard,925,reference,2024-08-29,5,-69.33569348295573,1288.4661058829322
RAPSODI_standard,925,reference,2024-08-30,5,-141.84746321345986,4685.439672546965
RAPSODI_standard,925,reference,2024-08-31,5,-25.579782096276702,327.79580922675626
RAPSODI_standard,925,reference,2024-09-01,5,-111.5438615383953,2702.02145144973
RAPSODI_standard,925,reference,2024-09-02,5,-199.65139777081268,9009.655921110707
RAPSODI_standard,925,reference,2024-09-03,6,-144.84778990777366,4660.8765418746825
RAPSODI_standard,925,reference,2024-09-04,4,-54.39200221706092,898.4586659312092
RAPSODI_standard,925,reference,2024-09-05,4,-55.491134466956545,816.2279458562646
RAPSODI_standard,925,reference,2024-09-06,4,-1.92313459709553,60.41199752121475
RAPSODI_standard,925,reference,2024-09-07,5,-24.687292837845437,145.44996007504437
RAPSODI_standard,925,reference,2024-09-08,4,-8.672070820249902,43.16325748814012
RAPSODI_standard,925,reference,2024-09-09,4,-19.33375745628592,258.16089463021655
RAPSODI_standard,925,reference,2024-09-10,6,-57.72925793487887,1854.28460241315
RAPSODI_standard,925,reference,2024-09-11,1,-8.279672143987582,68.55297081192393
RAPSODI_standard,all,ERA5,2024-08-09,3,-33.1691775730759,470.4376180789201
RAPSODI_standard,all,ERA5,2024-08-10,29,-59.25022298809125,3482.4286571077405
RAPSODI_standard,all,ERA5,2024-08-11,26,-201.6400029447097,5041.603987248917
RAPSODI_standard,all,ERA5,2024-08-12,16,-109.24129646860536,3101.5589542201433
RAPSODI_standard,all,ERA5,2024-08-13,20,-99.95026869527477,2420.561159550044
RAPSODI_standard,all,ERA5,2024-08-14,22,-46.070079265704805,1047.680215972666
RAPSODI_standard,all,ERA5,2024-08-15,28,6.908684056910886,869.7660316229529
RAPSODI_standard,all,ERA5,2024-08-16,36,-186.3031524832984,2925.109121343651
RAPSODI_standard,all,ERA5,2024-08-17,24,-102.5838251464099,881.6799620333434
RAPSODI_standard,all,ERA5,2024-08-18,24,-117.67933871381399,1453.3780939553453
RAPSODI_standard,all,ERA5,2024-08-19,30,-216.7440827403202,4550.047264530075
RAPSODI_standard,all,ERA5,2024-08-20,30,-80.16251751102395,1024.7946737916336
RAPSODI_standard,all,ERA5,2024-08-21,24,-242.39316635497624,4879.651595072934
RAPSODI_standard,all,ERA5,2024-08-22,36,-287.9803671453379,3847.2210232511397
RAPSODI_standard,all,ERA5,2024-08-23,24,-127.21735760216146,1346.7353127930216
RAPSODI_standard,all,ERA5,2024-08-24,24,-193.0351309866671,5131.241215658884
RAPSODI_standard,all,ERA5,2024-08-25,30,-79.96749600864868,2221.6681480909933
RAPSODI_standard,all,ERA5,2024-08-26,36,-87.29382860545518,2200.953515263209
RAPSODI_standard,all,ERA5,2024-08-27,30,-89.8627906748492,682.9043193598465
RAPSODI_standard,all,ERA5,2024-08-28,23,-82.57832427419285,1327.844858980997
RAPSODI_standard,all,ERA5,2024-08-29,30,-72.19759038209334,2849.4023784865417
RAPSODI_standard,all,ERA5,2024-08-30,30,-176.68765608703947,6409.118036996624
RAPSODI_standard,all,ERA5,2024-08-31,30,-97.0387229275125,1411.3327935544737
RAPSODI_standard,all,ERA5,2024-09-01,30,-216.58727528079373,5035.036412725728
RAPSODI_standard,all,ERA5,2024-09-02,30,-258.73857895995474,10741.3304191871
RAPSODI_standard,all,ERA5,2024-09-03,36,-219.1411124996635,6788.577277931389
RAPSODI_standard,all,ERA5,2024-09-04,24,-128.45462080864178,1946.9757995016366
RAPSODI_standard,all,ERA5,2024-09-05,24,-99.04763878733122,2534.043455061358
RAPSODI_standard,all,ERA5,2024-09-06,24,-74.06795717725494,1154.1607724786402
RAPSODI_standard,all,ERA5,2024-09-07,30,-92.71108602397645,1049.8688581848673
RAPSODI_standard,all,ERA5,2024-09-08,24,-95.88613778407239,723.9081334051205
RAPSODI_standard,all,ERA5,2024-09-09,24,-114.21176788379299,1413.1364618507905
RAPSODI_standard,all,ERA5,2024-09-10,36,-182.630297495433,3370.7076619904824
RAPSODI_standard,all,ERA5,2024-09-11,6,-50.55233281816942,703.9627984767417
RAPSODI_standard,all,reference,2024-08-09,3,-22.362389193975467,320.9065824032439
RAPSODI_standard,all,reference,2024-08-10,29,3.367960387437469,3512.2429225969086
RAPSODI_standard,all,reference,2024-08-11,26,-136.9718814374492,4168.726741392974
RAPSODI_standard,all,reference,2024-08-12,16,-71.0855823036279,2608.469527981802
RAPSODI_standard,all,reference,2024-08-13,20,-51.361119756618045,1998.7930041185466
RAPSODI_standard,all,reference,2024-08-14,22,-1.56897965912255,935.9083541157945
RAPSODI_standard,all,reference,2024-08-15,28,63.87135673245177,1005.7925432283286
RAPSODI_standard,all,reference,2024-08-16,36,-101.14571238871426,2119.7558278976676
RAPSODI_standard,all,reference,2024-08-17,24,-44.74728250196718,377.63623979856004
RAPSODI_standard,all,reference,2024-08-18,24,-63.164940481998386,1195.8875876788254
RAPSODI_standard,all,reference,2024-08-19,30,-159.19147971390447,3909.06167034759
RAPSODI_standard,all,reference,2024-08-20,30,-20.908121951667578,837.2937225051653
RAPSODI_standard,all,reference,2024-08-21,24,-186.33405282237356,3373.1540246105687
RAPSODI_standard,all,reference,2024-08-22,36,-198.54616563298845,2200.911183616978
RAPSODI_standard,all,reference,2024-08-23,24,-66.93663064168557,822.0094214243741
RAPSODI_standard,all,reference,2024-08-24,24,-139.06486557511815,4460.581071941852
RAPSODI_standard,all,reference,2024-08-25,30,-21.391878298194857,2003.7382609170247
RAPSODI_standard,all,reference,2024-08-26,36,-10.482235554035958,2073.8028504937442
RAPSODI_standard,all,reference,2024-08-27,30,-21.896228507810314,518.1904030014707
RAPSODI_standard,all,reference,2024-08-28,23,-24.224577079568345,1023.1945569428324
RAPSODI_standard,all,reference,2024-08-29,30,3.156855634424527,2552.70033835434
RAPSODI_standard,all,reference,2024-08-30,30,-114.19784327801753,5709.984947199131
RAPSODI_standard,all,reference,2024-08-31,30,-32.65253233607849,971.9811381979569
RAPSODI_standard,all,reference,2024-09-01,30,-151.26956598658742,3849.9915560303593
RAPSODI_standard,all,reference,2024-09-02,30,-195.72687595355666,9338.859511063736
RAPSODI_standard,all,reference,2024-09-03,36,-141.23125227002754,5710.845638141553
RAPSODI_standard,all,reference,2024-09-04,24,-75.32476266063655,1421.2801214305084
RAPSODI_standard,all,reference,2024-09-05,24,-49.42688744701524,2384.1435814340125
RAPSODI_standard,all,reference,2024-09-06,24,-21.301530353048168,1072.1903116759227
RAPSODI_standard,all,reference,2024-09-07,30,-24.970494037556353,652.4646293978149
RAPSODI_standard,all,reference,2024-09-08,24,-44.04136461804088,329.31892542001935
RAPSODI_standard,all,reference,2024-09-09,24,-65.64117326705659,969.5528466775061
RAPSODI_standard,all,reference,2024-09-10,36,-92.87195946781706,2683.343521392003
RAPSODI_standard,all,reference,2024-09-11,6,-35.70987791280514,375.1091902531425
