station_id,latitude,longitude,station_elevation_m,valid_level_rows,first_time,last_time,profile_count,macro_region,longitude_sector,split,block,block_stations,selected,reason
AEM00041217,24.4333,54.65,16.0,8098,2024-01-01 00:00:00,2025-12-31 12:00:00,1430,tropics,0,early_val,lat3_lon0,14,True,selected
AGM00060390,36.6899,3.2166,25.0,4702,2024-01-01 00:00:00,2025-12-31 12:00:00,786,northern_extratropics,0,calibration,lat4_lon0,92,True,selected
AGM00060680,22.8253,5.4525,1372.0,1584,2024-01-02 00:00:00,2025-12-31 00:00:00,396,tropics,0,train,lat3_lon0,14,True,selected
AOM00066160,-8.8481,13.2353,70.0,2230,2024-01-01 12:00:00,2025-12-31 12:00:00,559,tropics,0,train,lat2_lon0,8,True,selected
AQM00091765,-14.3383,-170.7191,5.5,5213,2024-01-01 00:00:00,2025-12-31 12:00:00,880,tropics,3,train,lat2_lon3,3,False,below_minimum
ARM00087155,-27.4389,-59.046,53.0,4118,2024-01-01 12:00:00,2025-12-31 12:00:00,694,tropics,5,train,lat2_lon5,17,True,selected
ARM00087344,-31.2966,-64.2119,493.0,3649,2024-01-01 12:00:00,2025-12-31 12:00:00,732,southern_extratropics,4,train,lat1_lon4,8,True,selected
ARM00087418,-32.8438,-68.7963,705.0,3541,2024-01-01 12:00:00,2025-12-31 12:00:00,714,southern_extratropics,4,test,lat1_lon4,8,True,selected
ARM00087623,-36.5931,-64.2799,190.0,3683,2024-01-01 12:00:00,2025-12-31 12:00:00,715,southern_extratropics,4,train,lat1_lon4,8,True,selected
ARM00087715,-38.952,-68.1367,270.0,3439,2024-01-01 12:00:00,2025-12-31 12:00:00,687,southern_extratropics,4,train,lat1_lon4,8,True,selected
ARM00087860,-45.7923,-67.4619,46.0,4084,2024-01-12 12:00:00,2025-12-31 12:00:00,711,southern_extratropics,4,calibration,lat1_lon4,8,True,selected
ASM00094120,-12.4239,130.8925,31.4,6710,2024-01-01 00:00:00,2025-11-18 00:00:00,1123,tropics,2,test,lat2_lon2,17,True,selected
ASM00094170,-12.6778,141.9208,19.2,2417,2024-01-01 00:00:00,2025-12-31 00:00:00,404,tropics,2,train,lat2_lon2,17,True,selected
ASM00094203,-17.9475,122.2353,17.4,4241,2024-01-01 00:00:00,2025-12-31 00:00:00,709,tropics,2,train,lat2_lon2,17,True,selected
ASM00094299,-16.2833,149.965,9.0,8151,2024-01-01 00:00:00,2025-12-31 12:00:00,1360,tropics,2,test,lat2_lon2,17,True,selected
ASM00094302,-22.2405,114.0967,6.0,8364,2024-01-01 00:00:00,2025-12-31 12:00:00,1395,tropics,1,train,lat2_lon1,10,True,selected
ASM00094312,-20.3725,118.6317,10.1,2479,2024-01-01 00:00:00,2025-12-30 00:00:00,414,tropics,1,train,lat2_lon1,10,True,selected
ASM00094332,-20.6778,139.4875,341.7,2058,2024-01-02 00:00:00,2025-12-31 00:00:00,412,tropics,2,test,lat2_lon2,17,True,selected
ASM00094403,-28.8044,114.6989,36.9,2481,2024-01-02 00:00:00,2025-12-31 00:00:00,414,tropics,1,train,lat2_lon1,10,True,selected
ASM00094430,-26.6136,118.5372,522.1,1907,2024-01-02 00:00:00,2025-12-31 00:00:00,382,tropics,1,train,lat2_lon1,10,True,selected
ASM00094461,-25.0342,128.3011,580.0,7245,2024-01-01 00:00:00,2025-12-31 12:00:00,1450,tropics,2,train,lat2_lon2,17,True,selected
ASM00094510,-26.4139,146.2558,305.7,3633,2024-01-01 00:00:00,2025-12-31 00:00:00,727,tropics,2,train,lat2_lon2,17,True,selected
ASM00094578,-27.3917,153.1292,4.0,8714,2024-01-01 00:00:00,2025-12-31 12:00:00,1454,tropics,2,train,lat2_lon2,17,True,selected
ASM00094610,-31.9275,115.9764,20.4,8669,2024-01-01 00:00:00,2025-12-31 12:00:00,1447,southern_extratropics,1,train,lat1_lon1,3,False,below_minimum
ASM00094637,-30.7847,121.4533,366.7,2085,2024-01-01 00:00:00,2025-12-31 00:00:00,417,southern_extratropics,2,calibration,lat1_lon2,12,True,selected
ASM00094659,-31.1558,136.8053,167.0,3858,2024-01-04 00:00:00,2025-12-31 00:00:00,714,southern_extratropics,2,train,lat1_lon2,12,True,selected
ASM00094672,-34.9525,138.5203,6.1,8421,2024-01-01 00:00:00,2025-12-31 12:00:00,1407,southern_extratropics,2,train,lat1_lon2,12,True,selected
ASM00094711,-31.4839,145.8294,260.0,1989,2024-01-01 00:00:00,2025-12-30 00:00:00,397,southern_extratropics,2,train,lat1_lon2,12,True,selected
ASM00094802,-34.9414,117.8022,71.0,2810,2024-01-02 00:00:00,2025-12-30 00:00:00,477,southern_extratropics,1,train,lat1_lon1,3,False,below_minimum
ASM00094866,-37.6656,144.8322,132.3,7574,2024-01-01 00:00:00,2025-10-27 00:00:00,1317,southern_extratropics,2,train,lat1_lon2,12,True,selected
ASM00094910,-35.1583,147.4572,220.7,2173,2024-01-01 00:00:00,2025-12-31 00:00:00,421,southern_extratropics,2,test,lat1_lon2,12,True,selected
ASM00094995,-31.5422,159.0786,5.2,4066,2024-01-01 00:00:00,2025-12-31 00:00:00,681,southern_extratropics,2,train,lat1_lon2,12,True,selected
ASM00094998,-54.4994,158.9369,6.0,7808,2024-01-01 00:00:00,2025-12-31 12:00:00,1437,southern_extratropics,2,train,lat1_lon2,12,True,selected
ASM00095527,-29.4897,149.8472,213.7,2068,2024-01-01 00:00:00,2025-12-31 00:00:00,405,tropics,2,early_val,lat2_lon2,17,True,selected
ATM00094001,-23.127,150.701,40.0,2993,2024-01-01 00:00:00,2025-12-31 00:00:00,507,tropics,2,early_val,lat2_lon2,17,True,selected
ATM00094005,-42.9677,147.5342,10.1,6287,2024-06-04 12:00:00,2025-12-31 12:00:00,1084,southern_extratropics,2,train,lat1_lon2,12,True,selected
ATM00095282,-19.6337,146.8578,63.5,4302,2024-01-01 00:00:00,2025-12-31 00:00:00,724,tropics,2,train,lat2_lon2,17,True,selected
AUM00011035,48.2486,16.3564,198.0,7378,2024-01-01 00:00:00,2025-12-31 12:00:00,1432,northern_extratropics,0,test,lat4_lon0,92,True,selected
AYM00089062,-67.5703,-68.1236,33.0,2738,2024-01-01 12:00:00,2025-12-31 12:00:00,546,southern_extratropics,4,train,lat0_lon4,1,False,below_minimum
AYM00089512,-70.7678,11.8317,118.9,2923,2024-01-01 00:00:00,2025-12-31 00:00:00,608,southern_extratropics,0,test,lat0_lon0,2,False,below_minimum
AYM00089532,-69.0053,39.5811,29.1,5187,2024-01-01 00:00:00,2025-12-31 12:00:00,1349,southern_extratropics,0,calibration,lat0_lon0,2,False,below_minimum
AYM00089564,-67.6017,62.8753,9.9,3477,2024-01-01 12:00:00,2025-12-31 12:00:00,709,southern_extratropics,1,train,lat0_lon1,4,False,below_minimum
AYM00089571,-68.5744,77.9672,18.0,6937,2024-01-01 00:00:00,2025-12-31 12:00:00,1437,southern_extratropics,1,train,lat0_lon1,4,False,below_minimum
AYM00089592,-66.5519,93.0147,43.4,3358,2024-01-01 00:00:00,2025-12-31 00:00:00,698,southern_extratropics,1,early_val,lat0_lon1,4,False,below_minimum
AYM00089611,-66.2825,110.523,40.0,6805,2024-01-01 00:00:00,2025-12-31 12:00:00,1416,southern_extratropics,1,train,lat0_lon1,4,False,below_minimum
AYM00089642,-66.663,140.0011,43.0,3267,2024-01-01 00:00:00,2025-12-31 00:00:00,683,southern_extratropics,2,early_val,lat0_lon2,2,False,below_minimum
AYM00089664,-77.85,166.6667,,4689,2024-01-01 00:00:00,2025-12-31 12:00:00,996,southern_extratropics,2,train,lat0_lon2,2,False,below_minimum
BBM00078954,13.0716,-59.4922,56.6,7987,2024-01-01 00:00:00,2025-12-31 12:00:00,1334,tropics,5,early_val,lat3_lon5,7,False,outside_top20_after_southern_reservation
BDM00078016,32.3669,-64.6772,,4960,2024-01-01 12:00:00,2025-12-31 12:00:00,831,northern_extratropics,4,train,lat4_lon4,69,True,selected
BEM00006458,50.7456,4.7633,112.8,3696,2024-01-02 00:00:00,2025-12-30 00:00:00,647,northern_extratropics,0,train,lat4_lon0,92,True,selected
BGM00041923,23.7667,90.3833,8.0,7328,2024-01-03 12:00:00,2025-12-31 00:00:00,1274,tropics,1,train,lat3_lon1,76,True,selected
BHM00078583,17.5349,-88.3129,5.0,6417,2024-01-01 00:00:00,2025-09-09 00:00:00,1074,tropics,4,train,lat3_lon4,27,True,selected
BRM00082022,2.849,-60.6943,83.5,6500,2024-01-01 00:00:00,2025-12-31 12:00:00,1123,tropics,4,calibration,lat3_lon4,27,True,selected
BRM00082026,2.22,-55.93,325.0,5520,2024-01-01 00:00:00,2025-12-31 12:00:00,1105,tropics,5,train,lat3_lon5,7,False,outside_top20_after_southern_reservation
BRM00082099,0.05,-51.0667,16.0,6508,2024-01-01 12:00:00,2025-12-31 12:00:00,1086,tropics,5,train,lat3_lon5,7,False,outside_top20_after_southern_reservation
BRM00082107,-0.1167,-66.9667,79.0,4820,2024-01-01 00:00:00,2025-12-31 12:00:00,841,tropics,4,early_val,lat2_lon4,7,False,outside_top20_after_southern_reservation
BRM00082193,-1.3833,-48.4833,16.0,6574,2024-01-01 00:00:00,2025-12-31 12:00:00,1096,tropics,5,train,lat2_lon5,17,True,selected
BRM00082244,-2.4333,-54.7167,72.0,6442,2024-01-01 00:00:00,2025-12-31 12:00:00,1079,tropics,5,train,lat2_lon5,17,True,selected
BRM00082332,-3.15,-59.9833,84.0,6739,2024-01-01 00:00:00,2025-12-31 12:00:00,1142,tropics,5,train,lat2_lon5,17,True,selected
BRM00082532,-5.8167,-61.2833,53.0,5547,2024-01-01 00:00:00,2025-10-09 12:00:00,926,tropics,4,train,lat2_lon4,7,False,outside_top20_after_southern_reservation
BRM00082599,-5.9167,-35.25,52.0,6262,2024-01-01 00:00:00,2025-12-31 12:00:00,1046,tropics,5,test,lat2_lon5,17,True,selected
BRM00082705,-7.5833,-72.7667,199.0,5428,2024-01-01 00:00:00,2025-12-31 12:00:00,1091,tropics,4,train,lat2_lon4,7,False,outside_top20_after_southern_reservation
BRM00082824,-8.7667,-63.9167,102.0,6157,2024-01-02 12:00:00,2025-12-31 12:00:00,1073,tropics,4,early_val,lat2_lon4,7,False,outside_top20_after_southern_reservation
BRM00082965,-9.8667,-56.1,288.0,3618,2024-01-01 12:00:00,2025-12-31 12:00:00,725,tropics,5,train,lat2_lon5,17,True,selected
BRM00083208,-12.7,-60.1,612.0,5354,2024-01-01 00:00:00,2025-12-31 12:00:00,1075,tropics,4,test,lat2_lon4,7,False,outside_top20_after_southern_reservation
BRM00083378,-15.8729,-47.9241,1061.0,5464,2024-01-01 00:00:00,2025-12-31 12:00:00,1366,tropics,5,test,lat2_lon5,17,True,selected
BRM00083525,-18.8833,-48.2167,943.0,2647,2024-01-01 12:00:00,2025-12-30 12:00:00,662,tropics,5,train,lat2_lon5,17,True,selected
BRM00083566,-19.6167,-43.9667,827.0,5810,2024-01-01 00:00:00,2025-12-31 12:00:00,1425,tropics,5,train,lat2_lon5,17,True,selected
BRM00083612,-20.4667,-54.6667,567.0,6093,2024-03-15 12:00:00,2025-12-31 12:00:00,1219,tropics,5,train,lat2_lon5,17,True,selected
BRM00083649,-20.2667,-40.2833,4.0,4043,2024-01-01 12:00:00,2025-12-31 12:00:00,674,tropics,5,train,lat2_lon5,17,True,selected
BRM00083779,-23.5,-46.6333,722.0,7034,2024-01-01 00:00:00,2025-12-31 12:00:00,1408,tropics,5,early_val,lat2_lon5,17,True,selected
BRM00083827,-25.6003,-54.485,239.0,6697,2024-01-01 00:00:00,2025-12-31 12:00:00,1338,tropics,5,calibration,lat2_lon5,17,True,selected
BRM00083840,-25.5167,-49.1667,908.0,5255,2024-01-01 12:00:00,2025-12-31 12:00:00,1313,tropics,5,train,lat2_lon5,17,True,selected
BRM00083899,-27.6667,-48.55,5.0,7450,2024-01-01 00:00:00,2025-12-31 12:00:00,1244,tropics,5,calibration,lat2_lon5,17,True,selected
BRM00083937,-29.7167,-53.7,85.0,8186,2024-01-01 00:00:00,2025-12-31 12:00:00,1398,tropics,5,train,lat2_lon5,17,True,selected
CAM00071043,65.2825,-126.8002,72.5,8065,2024-01-01 00:00:00,2025-12-31 12:00:00,1452,northern_extratropics,3,calibration,lat5_lon3,9,True,selected
CAM00071081,68.7667,-81.2167,5.9,7961,2024-01-01 00:00:00,2025-12-28 12:00:00,1375,northern_extratropics,4,early_val,lat5_lon4,8,False,outside_top20_after_southern_reservation
CAM00071082,82.5,-62.3333,65.4,8139,2024-01-01 00:00:00,2025-12-31 12:00:00,1452,northern_extratropics,4,test,lat5_lon4,8,False,outside_top20_after_southern_reservation
CAM00071109,50.6806,-127.3666,21.6,8565,2024-01-01 00:00:00,2025-12-31 12:00:00,1451,northern_extratropics,3,train,lat4_lon3,14,True,selected
CAM00071119,53.5475,-114.1083,766.3,6425,2024-01-01 00:00:00,2025-12-31 12:00:00,1450,northern_extratropics,4,calibration,lat4_lon4,69,True,selected
CAM00071603,43.8308,-66.0886,43.0,8542,2024-01-01 00:00:00,2025-12-31 12:00:00,1458,northern_extratropics,4,train,lat4_lon4,69,True,selected
CAM00071722,46.1417,-76.0811,199.0,7536,2024-01-01 00:00:00,2025-12-31 12:00:00,1459,northern_extratropics,4,train,lat4_lon4,69,True,selected
CAM00071802,47.5167,-52.7833,112.4,7790,2024-01-01 00:00:00,2025-12-31 12:00:00,1415,northern_extratropics,5,train,lat4_lon5,19,True,selected
CAM00071811,50.2167,-66.25,53.1,8347,2024-01-01 00:00:00,2025-12-31 12:00:00,1452,northern_extratropics,4,test,lat4_lon4,69,True,selected
CAM00071815,48.5333,-58.55,24.7,8331,2024-01-01 00:00:00,2025-12-31 12:00:00,1458,northern_extratropics,5,test,lat4_lon5,19,True,selected
CAM00071816,53.3167,-60.4167,48.8,8349,2024-01-01 00:00:00,2025-12-31 12:00:00,1453,northern_extratropics,4,train,lat4_lon4,69,True,selected
CAM00071823,53.7572,-73.6786,303.0,6541,2024-01-01 00:00:00,2025-10-30 12:00:00,1311,northern_extratropics,4,early_val,lat4_lon4,69,True,selected
CAM00071845,51.4464,-90.2142,386.2,6713,2024-01-01 00:00:00,2025-12-31 12:00:00,1345,northern_extratropics,4,calibration,lat4_lon4,69,True,selected
CAM00071867,53.9667,-101.1,270.4,7151,2024-01-01 00:00:00,2025-12-31 12:00:00,1427,northern_extratropics,4,train,lat4_lon4,69,True,selected
CAM00071906,58.1,-68.4167,39.9,7870,2024-01-01 00:00:00,2025-12-31 00:00:00,1393,northern_extratropics,4,train,lat4_lon4,69,True,selected
CAM00071907,58.4673,-78.0787,23.1,4841,2024-02-04 00:00:00,2025-12-31 12:00:00,836,northern_extratropics,4,train,lat4_lon4,69,True,selected
CAM00071908,53.9,-122.79,600.5,7253,2024-01-01 00:00:00,2025-12-31 12:00:00,1460,northern_extratropics,3,train,lat4_lon3,14,True,selected
CAM00071909,63.75,-68.55,33.5,7523,2024-01-01 00:00:00,2025-12-31 12:00:00,1311,northern_extratropics,4,train,lat5_lon4,8,False,outside_top20_after_southern_reservation
CAM00071913,58.7333,-94.0667,28.5,7196,2024-01-01 00:00:00,2025-12-31 12:00:00,1233,northern_extratropics,4,train,lat4_lon4,69,True,selected
CAM00071917,79.9944,-85.8119,82.9,8353,2024-01-01 00:00:00,2025-12-31 12:00:00,1438,northern_extratropics,4,train,lat5_lon4,8,False,outside_top20_after_southern_reservation
CAM00071924,74.7169,-94.9694,67.7,8115,2024-01-01 00:00:00,2025-12-31 12:00:00,1425,northern_extratropics,4,calibration,lat5_lon4,8,False,outside_top20_after_southern_reservation
CAM00071925,69.1081,-105.1383,31.1,7735,2024-01-01 00:00:00,2025-12-31 12:00:00,1326,northern_extratropics,4,train,lat5_lon4,8,False,outside_top20_after_southern_reservation
CAM00071926,64.2989,-96.0778,18.6,7599,2024-01-01 00:00:00,2025-12-31 00:00:00,1323,northern_extratropics,4,test,lat5_lon4,8,False,outside_top20_after_southern_reservation
CAM00071934,60.0203,-111.9619,205.1,5171,2024-01-02 00:00:00,2025-12-31 12:00:00,1007,northern_extratropics,4,train,lat5_lon4,8,False,outside_top20_after_southern_reservation
CAM00071945,58.8364,-122.5972,381.9,7107,2024-01-01 00:00:00,2025-12-31 12:00:00,1422,northern_extratropics,3,test,lat4_lon3,14,True,selected
CAM00071957,68.3,-133.4833,67.7,8031,2024-01-01 00:00:00,2025-12-31 12:00:00,1446,northern_extratropics,3,train,lat5_lon3,9,True,selected
CAM00071964,60.7094,-135.0688,706.2,6322,2024-01-01 00:00:00,2025-12-31 12:00:00,1370,northern_extratropics,3,test,lat5_lon3,9,True,selected
CAM00073033,50.2393,-119.2898,564.0,7196,2024-01-01 00:00:00,2025-12-31 12:00:00,1442,northern_extratropics,4,train,lat4_lon4,69,True,selected
CAM00073110,44.6319,-63.5053,38.0,6330,2024-01-01 00:00:00,2025-06-30 12:00:00,1088,northern_extratropics,4,train,lat4_lon4,69,True,selected
CAM00073111,49.405,-82.4428,225.0,7106,2024-01-01 00:00:00,2025-12-31 12:00:00,1410,northern_extratropics,4,test,lat4_lon4,69,True,selected
CFM00064400,-4.8045,11.8817,18.0,3813,2024-01-01 12:00:00,2025-08-29 12:00:00,786,tropics,0,train,lat2_lon0,8,True,selected
CHM00050527,49.25,119.7,,6917,2024-01-01 00:00:00,2025-12-31 12:00:00,1458,northern_extratropics,1,train,lat4_lon1,79,True,selected
CHM00050557,49.1667,125.2333,,7077,2024-01-01 00:00:00,2025-12-31 12:00:00,1459,northern_extratropics,2,train,lat4_lon2,47,True,selected
CHM00050774,47.7,128.8333,,7028,2024-01-01 00:00:00,2025-12-31 12:00:00,1460,northern_extratropics,2,train,lat4_lon2,47,True,selected
CHM00050953,45.9333,126.5667,,7710,2024-01-01 00:00:00,2025-12-31 12:00:00,1461,northern_extratropics,2,train,lat4_lon2,47,True,selected
CHM00051076,47.7333,88.0833,,6707,2024-01-01 00:00:00,2025-12-31 12:00:00,1455,northern_extratropics,1,train,lat4_lon1,79,True,selected
CHM00051243,45.6167,84.85,,6547,2024-01-01 00:00:00,2025-12-31 12:00:00,1319,northern_extratropics,1,train,lat4_lon1,79,True,selected
CHM00051431,43.95,81.3333,,6988,2024-01-01 00:00:00,2025-12-31 12:00:00,1457,northern_extratropics,1,train,lat4_lon1,79,True,selected
CHM00051463,43.7433,87.7433,1013.0,5601,2024-01-01 00:00:00,2025-12-31 12:00:00,1447,northern_extratropics,1,train,lat4_lon1,79,True,selected
CHM00051644,41.7167,82.95,,5665,2024-01-01 00:00:00,2025-12-31 12:00:00,1452,northern_extratropics,1,train,lat4_lon1,79,True,selected
CHM00051656,41.7294,85.8186,,5349,2024-01-01 00:00:00,2025-12-31 12:00:00,1316,northern_extratropics,1,train,lat4_lon1,79,True,selected
CHM00051709,39.4833,75.75,,5628,2024-01-01 00:00:00,2025-12-31 12:00:00,1447,northern_extratropics,1,train,lat4_lon1,79,True,selected
CHM00051777,39.0333,88.1667,,5760,2024-01-01 00:00:00,2025-12-31 12:00:00,1451,northern_extratropics,1,train,lat4_lon1,79,True,selected
CHM00051828,37.1333,79.9333,,5621,2024-01-01 00:00:00,2025-12-31 12:00:00,1450,northern_extratropics,1,test,lat4_lon1,79,True,selected
CHM00051839,37.0667,82.7167,1409.5,5440,2024-01-01 00:00:00,2025-12-31 12:00:00,1439,northern_extratropics,1,train,lat4_lon1,79,True,selected
CHM00052203,42.8167,93.5167,,6559,2024-01-01 00:00:00,2025-12-31 12:00:00,1456,northern_extratropics,1,early_val,lat4_lon1,79,True,selected
CHM00052267,41.95,101.0667,,5686,2024-01-01 00:00:00,2025-12-31 12:00:00,1453,northern_extratropics,1,early_val,lat4_lon1,79,True,selected
CHM00052323,41.8,97.0333,,3954,2024-01-01 00:00:00,2025-12-31 12:00:00,1318,northern_extratropics,1,test,lat4_lon1,79,True,selected
CHM00052418,40.15,94.6833,,5672,2024-01-01 00:00:00,2025-12-31 12:00:00,1457,northern_extratropics,1,early_val,lat4_lon1,79,True,selected
CHM00052533,39.7667,98.4833,,4953,2024-01-01 00:00:00,2025-12-31 12:00:00,1397,northern_extratropics,1,train,lat4_lon1,79,True,selected
CHM00052681,38.6333,103.0833,1367.0,5625,2024-01-01 00:00:00,2025-12-31 12:00:00,1454,northern_extratropics,1,train,lat4_lon1,79,True,selected
CHM00052818,36.4167,94.9,,4062,2024-01-01 00:00:00,2025-12-31 12:00:00,1354,northern_extratropics,1,test,lat4_lon1,79,True,selected
CHM00052866,36.65,101.7167,2434.2,3984,2024-01-01 00:00:00,2025-12-30 12:00:00,1328,northern_extratropics,1,train,lat4_lon1,79,True,selected
CHM00052983,35.8667,104.15,,3975,2024-01-01 00:00:00,2025-12-31 12:00:00,1325,northern_extratropics,1,train,lat4_lon1,79,True,selected
CHM00053463,40.85,111.5667,,5644,2024-01-01 00:00:00,2025-12-31 12:00:00,1452,northern_extratropics,1,train,lat4_lon1,79,True,selected
CHM00053513,40.7333,107.3667,1041.0,5650,2024-01-01 00:00:00,2025-12-31 12:00:00,1453,northern_extratropics,1,calibration,lat4_lon1,79,True,selected
CHM00053543,39.8333,109.9833,,4895,2024-01-01 00:00:00,2025-12-31 12:00:00,1316,northern_extratropics,1,train,lat4_lon1,79,True,selected
CHM00053614,38.4667,106.2,,5634,2024-01-01 00:00:00,2025-12-31 12:00:00,1449,northern_extratropics,1,train,lat4_lon1,79,True,selected
CHM00053772,37.6167,112.5833,,6426,2024-01-01 00:00:00,2025-12-31 12:00:00,1456,northern_extratropics,1,train,lat4_lon1,79,True,selected
CHM00053845,36.5667,109.45,958.9,5663,2024-01-01 00:00:00,2025-12-31 12:00:00,1455,northern_extratropics,1,train,lat4_lon1,79,True,selected
CHM00053915,35.5333,106.6667,,5085,2024-01-01 00:00:00,2025-12-31 12:00:00,1404,northern_extratropics,1,train,lat4_lon1,79,True,selected
CHM00054102,43.95,116.1167,,5645,2024-01-01 00:00:00,2025-12-31 12:00:00,1449,northern_extratropics,1,train,lat4_lon1,79,True,selected
CHM00054135,43.66,122.35,175.0,7468,2024-01-01 00:00:00,2025-12-31 12:00:00,1459,northern_extratropics,2,train,lat4_lon2,47,True,selected
CHM00054161,43.9,125.2167,,7100,2024-01-01 00:00:00,2025-12-31 12:00:00,1457,northern_extratropics,2,calibration,lat4_lon2,47,True,selected
CHM00054218,42.3,118.8333,,6984,2024-01-01 00:00:00,2025-12-31 12:00:00,1459,northern_extratropics,1,train,lat4_lon1,79,True,selected
CHM00054292,42.8667,129.5,,7073,2024-01-01 00:00:00,2025-12-31 12:00:00,1458,northern_extratropics,2,train,lat4_lon2,47,True,selected
CHM00054340,41.543,123.61,77.1,7945,2024-01-01 00:00:00,2025-12-31 12:00:00,1444,northern_extratropics,2,train,lat4_lon2,47,True,selected
CHM00054374,41.8,126.8833,385.0,7048,2024-01-01 00:00:00,2025-12-31 12:00:00,1458,northern_extratropics,2,train,lat4_lon2,47,True,selected
CHM00054511,39.9333,116.2833,,8248,2024-01-01 00:00:00,2025-12-31 12:00:00,1459,northern_extratropics,1,calibration,lat4_lon1,79,True,selected
CHM00054662,38.9,121.6333,,7970,2024-01-01 00:00:00,2025-12-31 12:00:00,1460,northern_extratropics,2,train,lat4_lon2,47,True,selected
CHM00054727,36.65,117.5,263.0,7111,2024-01-01 00:00:00,2025-12-31 12:00:00,1456,northern_extratropics,1,train,lat4_lon1,79,True,selected
CHM00054857,36.0667,120.3333,,8098,2024-01-01 00:00:00,2025-12-31 12:00:00,1459,northern_extratropics,2,early_val,lat4_lon2,47,True,selected
CHM00056080,35.0,102.9,,3792,2024-01-01 12:00:00,2025-12-31 12:00:00,1264,northern_extratropics,1,train,lat4_lon1,79,True,selected
CHM00056187,30.75,103.8667,,7025,2024-01-01 00:00:00,2025-12-31 12:00:00,1459,northern_extratropics,1,early_val,lat4_lon1,79,True,selected
CHM00056492,28.7667,104.6,502.8,6539,2024-01-01 00:00:00,2025-12-31 12:00:00,1317,tropics,1,calibration,lat3_lon1,76,True,selected
CHM00056571,27.9,102.2667,,3959,2024-01-01 12:00:00,2025-12-31 12:00:00,1318,tropics,1,train,lat3_lon1,76,True,selected
CHM00056651,26.8333,100.2167,,3861,2024-01-01 00:00:00,2025-12-31 12:00:00,1287,tropics,1,calibration,lat3_lon1,76,True,selected
CHM00056691,26.8667,104.2833,,3843,2024-01-01 00:00:00,2025-12-31 12:00:00,1281,tropics,1,test,lat3_lon1,76,True,selected
CHM00056739,24.9844,98.5056,,4017,2024-01-01 00:00:00,2025-12-31 12:00:00,1339,tropics,1,train,lat3_lon1,76,True,selected
CHM00056778,25.0167,102.6833,,3996,2024-01-01 00:00:00,2025-12-31 12:00:00,1332,tropics,1,early_val,lat3_lon1,76,True,selected
CHM00056964,22.8161,100.9911,1416.2,5606,2024-01-01 00:00:00,2025-12-31 12:00:00,1448,tropics,1,train,lat3_lon1,76,True,selected
CHM00056985,23.4444,103.3278,,5621,2024-01-01 00:00:00,2025-12-31 12:00:00,1450,tropics,1,train,lat3_lon1,76,True,selected
CHM00057083,34.7167,113.65,,7849,2024-01-01 00:00:00,2025-12-31 12:00:00,1460,northern_extratropics,1,train,lat4_lon1,79,True,selected
CHM00057127,33.0667,107.0333,,7014,2024-01-01 00:00:00,2025-12-31 12:00:00,1459,northern_extratropics,1,train,lat4_lon1,79,True,selected
CHM00057131,34.4333,108.9667,,7075,2024-01-01 00:00:00,2025-12-31 12:00:00,1459,northern_extratropics,1,test,lat4_lon1,79,True,selected
CHM00057178,33.1,112.4833,,7487,2024-01-01 00:00:00,2025-12-31 12:00:00,1460,northern_extratropics,1,test,lat4_lon1,79,True,selected
CHM00057245,32.7167,109.0333,,6628,2024-01-01 00:00:00,2025-12-31 12:00:00,1329,northern_extratropics,1,early_val,lat4_lon1,79,True,selected
CHM00057461,30.7333,111.3667,,7158,2024-01-01 00:00:00,2025-12-31 12:00:00,1460,northern_extratropics,1,train,lat4_lon1,79,True,selected
CHM00057494,30.6,114.05,24.0,8197,2024-01-01 00:00:00,2025-12-31 12:00:00,1457,northern_extratropics,1,train,lat4_lon1,79,True,selected
CHM00057516,29.5833,106.4667,,7030,2024-01-01 00:00:00,2025-12-31 12:00:00,1458,tropics,1,train,lat3_lon1,76,True,selected
CHM00057541,29.99,109.47,598.1,7051,2024-01-01 00:00:00,2025-12-31 12:00:00,1456,tropics,1,train,lat3_lon1,76,True,selected
CHM00057687,28.1167,112.7833,119.0,7781,2024-01-01 00:00:00,2025-12-31 12:00:00,1460,tropics,1,early_val,lat3_lon1,76,True,selected
CHM00057816,26.5833,106.7333,,5588,2024-01-01 00:00:00,2025-12-31 12:00:00,1444,tropics,1,test,lat3_lon1,76,True,selected
CHM00057957,25.3333,110.3,,7452,2024-01-01 00:00:00,2025-12-31 12:00:00,1460,tropics,1,test,lat3_lon1,76,True,selected
CHM00057972,25.7353,112.9739,,7055,2024-01-01 00:00:00,2025-12-31 12:00:00,1459,tropics,1,train,lat3_lon1,76,True,selected
CHM00058027,34.2,117.4,44.0,8208,2024-01-01 00:00:00,2025-12-31 12:00:00,1461,northern_extratropics,1,calibration,lat4_lon1,79,True,selected
CHM00058150,33.75,120.3,,8337,2024-01-01 00:00:00,2025-12-31 12:00:00,1460,northern_extratropics,2,calibration,lat4_lon2,47,True,selected
CHM00058203,32.8667,115.7333,,8210,2024-01-01 00:00:00,2025-12-31 12:00:00,1460,northern_extratropics,1,train,lat4_lon1,79,True,selected
CHM00058238,31.9333,118.9,32.0,8277,2024-01-01 00:00:00,2025-12-31 12:00:00,1460,northern_extratropics,1,train,lat4_lon1,79,True,selected
CHM00058362,31.4167,121.45,,8399,2024-01-01 00:00:00,2025-12-31 12:00:00,1459,northern_extratropics,2,early_val,lat4_lon2,47,True,selected
CHM00058424,30.6167,116.9667,,8068,2024-01-01 00:00:00,2025-12-31 12:00:00,1460,northern_extratropics,1,early_val,lat4_lon1,79,True,selected
CHM00058457,30.2333,120.1667,,8224,2024-01-01 00:00:00,2025-12-31 12:00:00,1460,northern_extratropics,2,train,lat4_lon2,47,True,selected
CHM00058606,28.6,115.9167,,8182,2024-01-01 00:00:00,2025-12-31 12:00:00,1461,tropics,1,train,lat3_lon1,76,True,selected
CHM00058633,28.9667,118.8667,,7995,2024-01-01 00:00:00,2025-12-31 12:00:00,1460,tropics,1,train,lat3_lon1,76,True,selected
CHM00058665,28.6167,121.4167,4.6,8377,2024-01-01 00:00:00,2025-12-31 12:00:00,1460,tropics,2,calibration,lat3_lon2,18,True,selected
CHM00058725,27.3333,117.5111,371.0,7018,2024-01-01 00:00:00,2025-12-31 12:00:00,1453,tropics,1,train,lat3_lon1,76,True,selected
CHM00058847,26.0833,119.2833,,7780,2024-01-01 00:00:00,2025-12-31 12:00:00,1452,tropics,1,calibration,lat3_lon1,76,True,selected
CHM00059023,24.7,108.0333,,6529,2024-01-01 00:00:00,2025-12-31 12:00:00,1308,tropics,1,calibration,lat3_lon1,76,True,selected
CHM00059134,24.4833,118.0833,139.0,7550,2024-01-01 00:00:00,2025-12-31 12:00:00,1452,tropics,1,early_val,lat3_lon1,76,True,selected
CHM00059211,23.9,106.6,,7262,2024-01-01 00:00:00,2025-12-31 12:00:00,1461,tropics,1,test,lat3_lon1,76,True,selected
CHM00059265,23.4833,111.3,,7680,2024-01-01 00:00:00,2025-12-31 12:00:00,1460,tropics,1,train,lat3_lon1,76,True,selected
CHM00059280,23.7167,113.0833,79.2,7786,2024-01-01 00:00:00,2025-12-31 12:00:00,1447,tropics,1,train,lat3_lon1,76,True,selected
CHM00059293,23.78,114.77,115.1,6853,2024-01-01 00:00:00,2025-12-31 12:00:00,1297,tropics,1,train,lat3_lon1,76,True,selected
CHM00059316,23.4,116.6833,,8257,2024-01-01 00:00:00,2025-12-31 12:00:00,1447,tropics,1,test,lat3_lon1,76,True,selected
CIM00085442,-23.4536,-70.4453,112.0,4220,2024-01-01 12:00:00,2025-12-31 12:00:00,721,tropics,4,train,lat2_lon4,7,False,outside_top20_after_southern_reservation
CIM00085586,-33.655,-71.6142,77.0,7868,2024-01-01 00:00:00,2025-12-31 12:00:00,1313,southern_extratropics,4,train,lat1_lon4,8,True,selected
CIM00085799,-41.435,-73.0978,87.0,4211,2024-01-01 12:00:00,2025-12-31 12:00:00,716,southern_extratropics,4,train,lat1_lon4,8,True,selected
CIM00085934,-53.0016,-70.8386,43.0,3959,2024-01-01 12:00:00,2025-12-31 12:00:00,724,southern_extratropics,4,early_val,lat1_lon4,8,True,selected
CKM00096996,-12.1892,96.8344,3.0,3326,2024-01-01 00:00:00,2025-12-31 00:00:00,557,tropics,1,train,lat2_lon1,10,True,selected
COM00080001,12.5833,-81.7,2.0,8409,2024-01-01 00:00:00,2025-12-31 12:00:00,1409,tropics,4,train,lat3_lon4,27,True,selected
COM00080222,4.7,-74.15,2547.0,2115,2024-01-01 12:00:00,2025-12-31 12:00:00,705,tropics,4,train,lat3_lon4,27,True,selected
COM00080398,-4.1667,-69.95,84.0,3484,2024-01-02 12:00:00,2025-12-29 12:00:00,590,tropics,4,train,lat2_lon4,7,False,outside_top20_after_southern_reservation
CYM00017607,35.1408,33.3964,162.0,3411,2024-01-01 12:00:00,2025-12-31 12:00:00,673,northern_extratropics,0,test,lat4_lon0,92,True,selected
DRM00078486,18.4734,-69.8705,14.0,6965,2024-01-13 00:00:00,2025-09-25 00:00:00,1222,tropics,4,early_val,lat3_lon4,27,True,selected
EIM00003953,51.9381,-10.2433,23.9,8446,2024-01-01 00:00:00,2025-12-31 12:00:00,1454,northern_extratropics,5,train,lat4_lon5,19,True,selected
ENM00026038,59.3981,24.6028,33.2,3846,2024-01-01 00:00:00,2025-12-31 00:00:00,708,northern_extratropics,0,train,lat4_lon0,92,True,selected
EZM00011520,50.0078,14.4469,302.0,7322,2024-01-01 00:00:00,2025-12-31 12:00:00,1462,northern_extratropics,0,train,lat4_lon0,92,True,selected
EZM00011747,49.4525,17.1347,214.8,7536,2024-01-01 00:00:00,2025-12-31 12:00:00,1462,northern_extratropics,0,train,lat4_lon0,92,True,selected
FGM00081405,4.8222,-52.3653,8.0,8289,2024-01-01 00:00:00,2025-12-31 12:00:00,1402,tropics,5,train,lat3_lon5,7,False,outside_top20_after_southern_reservation
FIM00002836,67.3666,26.629,179.0,7249,2024-01-01 00:00:00,2025-12-31 12:00:00,1438,northern_extratropics,0,test,lat5_lon0,19,True,selected
FIM00002963,60.814,23.4982,104.0,7872,2024-01-01 00:00:00,2025-12-31 12:00:00,1437,northern_extratropics,0,test,lat5_lon0,19,True,selected
FJM00091680,-17.7597,177.4447,22.0,7186,2024-01-01 00:00:00,2025-12-31 12:00:00,1200,tropics,2,train,lat2_lon2,17,True,selected
FKM00088889,-51.82,-58.4481,74.0,4050,2024-01-01 00:00:00,2025-12-31 00:00:00,758,southern_extratropics,5,train,lat1_lon5,2,False,below_minimum
FMM00091334,7.45,151.8333,3.0,8514,2024-01-01 00:00:00,2025-12-31 12:00:00,1440,tropics,2,train,lat3_lon2,18,True,selected
FMM00091348,6.95,158.2,38.0,7756,2024-01-01 00:00:00,2025-12-31 12:00:00,1311,tropics,2,train,lat3_lon2,18,True,selected
FMM00091413,9.4833,138.0667,15.0,8593,2024-01-01 00:00:00,2025-12-31 12:00:00,1444,tropics,2,calibration,lat3_lon2,18,True,selected
FOM00006011,62.0231,-6.7647,54.0,2895,2024-01-01 12:00:00,2025-12-31 12:00:00,724,northern_extratropics,5,train,lat5_lon5,8,False,outside_top20_after_southern_reservation
FPM00091925,-9.8061,-139.0355,51.0,4236,2024-01-01 00:00:00,2025-12-31 00:00:00,715,tropics,3,calibration,lat2_lon3,3,False,below_minimum
FPM00091938,-17.5553,-149.6144,2.0,8310,2024-01-01 00:00:00,2025-12-31 12:00:00,1410,tropics,3,train,lat2_lon3,3,False,below_minimum
FRM00007110,48.4538,-4.3912,92.0,7993,2024-01-03 00:00:00,2025-12-31 12:00:00,1397,northern_extratropics,5,train,lat4_lon5,19,True,selected
FRM00007145,48.7744,2.0097,167.0,6908,2024-01-01 00:00:00,2025-12-31 12:00:00,1299,northern_extratropics,0,train,lat4_lon0,92,True,selected
FRM00007510,44.8306,-0.6914,51.0,8193,2024-01-01 00:00:00,2025-12-31 12:00:00,1390,northern_extratropics,5,train,lat4_lon5,19,True,selected
FRM00007645,43.8569,4.4064,60.0,8279,2024-01-01 00:00:00,2025-12-31 12:00:00,1407,northern_extratropics,0,train,lat4_lon0,92,True,selected
FRM00007761,41.9181,8.7928,6.0,8017,2024-01-01 00:00:00,2025-12-31 12:00:00,1348,northern_extratropics,0,train,lat4_lon0,92,True,selected
FSM00061998,-49.3522,70.2433,29.0,3402,2024-01-01 12:00:00,2025-12-31 12:00:00,640,southern_extratropics,1,test,lat1_lon1,3,False,below_minimum
GLM00004220,68.7081,-52.8517,43.0,5721,2024-01-01 00:00:00,2025-12-31 12:00:00,1435,northern_extratropics,5,calibration,lat5_lon5,8,False,outside_top20_after_southern_reservation
GLM00004270,61.1667,-45.4167,34.0,5784,2024-01-01 00:00:00,2025-12-31 12:00:00,1454,northern_extratropics,5,train,lat5_lon5,8,False,outside_top20_after_southern_reservation
GLM00004320,76.7694,-18.6681,11.0,5783,2024-01-01 00:00:00,2025-12-31 12:00:00,1448,northern_extratropics,5,test,lat5_lon5,8,False,outside_top20_after_southern_reservation
GLM00004339,70.4844,-21.9511,70.0,5333,2024-01-01 00:00:00,2025-12-31 12:00:00,1312,northern_extratropics,5,test,lat5_lon5,8,False,outside_top20_after_southern_reservation
GLM00004360,65.6111,-37.6367,54.0,4307,2024-01-01 00:00:00,2025-12-31 12:00:00,1080,northern_extratropics,5,test,lat5_lon5,8,False,outside_top20_after_southern_reservation
GMM00010035,54.5275,9.5487,42.7,8351,2024-01-01 00:00:00,2025-12-31 12:00:00,1434,northern_extratropics,0,train,lat4_lon0,92,True,selected
GMM00010113,53.7123,7.1519,11.5,8503,2024-01-01 00:00:00,2025-12-31 12:00:00,1439,northern_extratropics,0,train,lat4_lon0,92,True,selected
GMM00010184,54.0967,13.4056,2.0,8449,2024-01-01 00:00:00,2025-12-31 12:00:00,1426,northern_extratropics,0,train,lat4_lon0,92,True,selected
GMM00010238,52.8152,9.9248,70.0,7884,2024-01-02 00:00:00,2025-12-30 12:00:00,1361,northern_extratropics,0,train,lat4_lon0,92,True,selected
GMM00010304,52.7155,7.3176,19.0,2728,2024-01-02 12:00:00,2025-12-19 12:00:00,463,northern_extratropics,0,train,lat4_lon0,92,True,selected
GMM00010393,52.2085,14.118,97.7,8116,2024-01-01 00:00:00,2025-12-31 12:00:00,1439,northern_extratropics,0,train,lat4_lon0,92,True,selected
GMM00010410,51.4041,6.9677,150.0,7758,2024-01-01 00:00:00,2025-12-31 12:00:00,1423,northern_extratropics,0,train,lat4_lon0,92,True,selected
GMM00010548,50.5611,10.3771,450.0,6966,2024-01-01 00:00:00,2025-12-31 12:00:00,1394,northern_extratropics,0,train,lat4_lon0,92,True,selected
GMM00010618,49.6927,7.3263,376.0,7124,2024-01-01 00:00:00,2025-12-31 12:00:00,1425,northern_extratropics,0,train,lat4_lon0,92,True,selected
GMM00010739,48.8281,9.2,314.3,7091,2024-01-01 00:00:00,2025-12-31 12:00:00,1418,northern_extratropics,0,train,lat4_lon0,92,True,selected
GMM00010771,49.4283,11.9016,415.5,6960,2024-01-02 12:00:00,2025-12-30 12:00:00,1392,northern_extratropics,0,test,lat4_lon0,92,True,selected
GMM00010868,48.2446,11.5525,484.3,7185,2024-01-01 00:00:00,2025-12-31 12:00:00,1437,northern_extratropics,0,train,lat4_lon0,92,True,selected
GMM00010954,47.8342,10.8667,738.6,2322,2024-01-02 12:00:00,2025-12-18 12:00:00,483,northern_extratropics,0,train,lat4_lon0,92,True,selected
GPM00078897,16.2639,-61.5164,11.0,6056,2024-01-01 12:00:00,2025-12-31 12:00:00,1025,tropics,4,train,lat3_lon4,27,True,selected
GQM00091212,13.4767,144.7944,75.4,8546,2024-01-01 00:00:00,2025-12-31 12:00:00,1452,tropics,2,train,lat3_lon2,18,True,selected
GRM00016622,40.529,22.9703,1.7,4329,2024-01-01 00:00:00,2025-12-31 00:00:00,730,northern_extratropics,0,train,lat4_lon0,92,True,selected
GRM00016716,37.8897,23.7417,43.1,4035,2024-01-01 12:00:00,2025-12-31 12:00:00,693,northern_extratropics,0,train,lat4_lon0,92,True,selected
GRM00016754,35.3353,25.1819,35.0,4147,2024-01-01 00:00:00,2025-12-31 00:00:00,697,northern_extratropics,0,test,lat4_lon0,92,True,selected
HKM00045004,22.3119,114.1728,64.8,8426,2024-01-01 00:00:00,2025-12-31 12:00:00,1456,tropics,1,train,lat3_lon1,76,True,selected
HRM00014240,45.8219,16.0336,123.0,7642,2024-01-01 00:00:00,2025-12-31 12:00:00,1347,northern_extratropics,0,calibration,lat4_lon0,92,True,selected
HRM00014430,44.0969,15.3403,78.0,6683,2024-01-01 00:00:00,2025-10-16 00:00:00,1137,northern_extratropics,0,train,lat4_lon0,92,True,selected
HUM00012843,47.4333,19.1833,138.0,8023,2024-01-01 00:00:00,2025-12-31 12:00:00,1458,northern_extratropics,0,train,lat4_lon0,92,True,selected
HUM00012982,46.25,20.1,82.0,8494,2024-01-01 00:00:00,2025-12-31 12:00:00,1452,northern_extratropics,0,train,lat4_lon0,92,True,selected
IDM00096237,-2.1667,106.1333,33.0,4852,2024-01-01 00:00:00,2025-07-25 00:00:00,821,tropics,1,train,lat2_lon1,10,True,selected
IDM00096509,3.3333,117.5667,,7269,2024-01-01 00:00:00,2025-12-31 12:00:00,1226,tropics,1,train,lat3_lon1,76,True,selected
IDM00096581,-0.15,109.4,3.0,4748,2024-01-01 00:00:00,2025-07-25 00:00:00,803,tropics,1,train,lat2_lon1,10,True,selected
IDM00096749,-6.1221,106.6547,,6894,2024-01-01 00:00:00,2025-12-31 12:00:00,1159,tropics,1,train,lat2_lon1,10,True,selected
IDM00096935,-7.3726,112.7799,2.8,7143,2024-01-01 00:00:00,2025-12-31 12:00:00,1197,tropics,1,train,lat2_lon1,10,True,selected
IDM00097180,-5.071,119.5522,,7132,2024-01-01 00:00:00,2025-12-31 12:00:00,1193,tropics,1,calibration,lat2_lon1,10,True,selected
IDM00097372,-10.1676,123.6701,102.0,5706,2024-01-01 00:00:00,2025-12-31 12:00:00,1071,tropics,2,train,lat2_lon2,17,True,selected
IDM00097502,-0.8911,131.2858,5.0,5390,2024-01-01 00:00:00,2025-12-31 12:00:00,917,tropics,2,early_val,lat2_lon2,17,True,selected
IDM00097980,-8.5202,140.4157,3.0,4791,2024-01-01 00:00:00,2025-07-25 00:00:00,803,tropics,2,train,lat2_lon2,17,True,selected
INM00042027,34.0833,74.8333,1585.0,3400,2024-01-01 00:00:00,2025-12-31 12:00:00,1133,northern_extratropics,1,test,lat4_lon1,79,True,selected
INM00042111,30.2833,78.0833,644.0,3009,2024-01-02 00:00:00,2025-12-31 00:00:00,610,northern_extratropics,1,train,lat4_lon1,79,True,selected
INM00042182,28.5833,77.2,211.0,7116,2024-01-01 00:00:00,2025-12-31 12:00:00,1424,tropics,1,test,lat3_lon1,76,True,selected
INM00042220,28.1,95.3833,157.0,2860,2024-02-08 00:00:00,2025-12-31 00:00:00,578,tropics,1,train,lat3_lon1,76,True,selected
INM00042314,27.4833,95.0167,112.0,4278,2024-01-01 00:00:00,2025-12-31 00:00:00,836,tropics,1,early_val,lat3_lon1,76,True,selected
INM00042339,26.3,73.0167,217.0,4290,2024-01-01 00:00:00,2025-12-31 00:00:00,871,tropics,1,calibration,lat3_lon1,76,True,selected
INM00042348,26.8167,75.8,383.0,4100,2024-01-01 00:00:00,2025-12-31 00:00:00,828,tropics,1,train,lat3_lon1,76,True,selected
INM00042410,26.1,91.5833,54.0,7781,2024-01-01 00:00:00,2025-12-31 12:00:00,1397,tropics,1,train,lat3_lon1,76,True,selected
INM00042623,24.7667,93.9,781.0,2514,2024-01-02 00:00:00,2025-12-31 00:00:00,602,tropics,1,train,lat3_lon1,76,True,selected
INM00042647,23.0667,72.6333,55.0,7234,2024-01-01 00:00:00,2025-12-31 12:00:00,1308,tropics,1,train,lat3_lon1,76,True,selected
INM00042675,23.2,79.95,397.0,2475,2024-01-01 00:00:00,2025-12-31 00:00:00,508,tropics,1,train,lat3_lon1,76,True,selected
INM00042809,22.65,88.45,6.0,8240,2024-01-01 00:00:00,2025-12-31 12:00:00,1432,tropics,1,train,lat3_lon1,76,True,selected
INM00042867,21.1,79.05,310.0,6184,2024-01-01 00:00:00,2025-12-25 00:00:00,1250,tropics,1,test,lat3_lon1,76,True,selected
INM00042886,21.9167,84.0833,228.0,3064,2024-01-01 00:00:00,2025-12-31 12:00:00,622,tropics,1,train,lat3_lon1,76,True,selected
INM00042971,20.25,85.8333,45.0,6466,2024-01-01 00:00:00,2025-12-31 12:00:00,1143,tropics,1,train,lat3_lon1,76,True,selected
INM00043003,19.1167,72.85,14.2,7307,2024-01-01 00:00:00,2025-12-31 12:00:00,1245,tropics,1,train,lat3_lon1,76,True,selected
INM00043049,19.2667,84.8833,16.4,2174,2024-01-01 00:00:00,2025-12-24 00:00:00,391,tropics,1,train,lat3_lon1,76,True,selected
INM00043063,18.5333,73.85,555.0,4419,2024-01-01 00:00:00,2025-12-31 00:00:00,896,tropics,1,train,lat3_lon1,76,True,selected
INM00043128,17.45,78.4667,530.0,3854,2024-01-01 00:00:00,2025-12-31 00:00:00,778,tropics,1,train,lat3_lon1,76,True,selected
INM00043150,17.6833,83.3,,6221,2024-01-01 00:00:00,2025-12-31 12:00:00,1113,tropics,1,train,lat3_lon1,76,True,selected
INM00043185,16.2,81.15,3.0,5396,2024-01-01 00:00:00,2025-12-31 00:00:00,928,tropics,1,calibration,lat3_lon1,76,True,selected
INM00043346,10.9167,79.8333,6.9,4539,2024-01-01 12:00:00,2025-12-26 00:00:00,768,tropics,1,train,lat3_lon1,76,True,selected
INM00043353,9.95,76.2667,1.0,6991,2024-01-01 00:00:00,2025-12-30 00:00:00,1186,tropics,1,train,lat3_lon1,76,True,selected
INM00043371,8.4833,76.95,59.7,5077,2024-08-27 12:00:00,2025-12-31 12:00:00,913,tropics,1,train,lat3_lon1,76,True,selected
IRM00040706,38.1222,46.2425,1361.0,2387,2024-01-01 12:00:00,2025-12-15 12:00:00,600,northern_extratropics,0,early_val,lat4_lon0,92,True,selected
IRM00040738,36.905,54.4136,0.0,3930,2024-01-01 12:00:00,2025-12-31 12:00:00,665,northern_extratropics,0,test,lat4_lon0,92,True,selected
IRM00040766,34.3522,47.1533,1318.5,1597,2024-01-02 00:00:00,2025-12-30 00:00:00,407,northern_extratropics,0,train,lat4_lon0,92,True,selected
IRM00040809,32.8905,59.2836,1491.0,2080,2024-01-01 12:00:00,2025-12-31 12:00:00,629,northern_extratropics,0,train,lat4_lon0,92,True,selected
IRM00040841,30.25,56.9667,1748.0,1746,2024-01-01 12:00:00,2025-12-31 12:00:00,582,northern_extratropics,0,calibration,lat4_lon0,92,True,selected
IRM00040856,29.4722,60.9002,1370.0,2395,2024-01-01 00:00:00,2025-12-31 00:00:00,616,tropics,1,train,lat3_lon1,76,True,selected
ITM00016045,45.9756,13.0492,51.0,8524,2024-01-01 00:00:00,2025-12-31 12:00:00,1438,northern_extratropics,0,train,lat4_lon0,92,True,selected
ITM00016064,45.53,8.6667,178.0,7626,2024-01-01 00:00:00,2025-12-31 12:00:00,1445,northern_extratropics,0,train,lat4_lon0,92,True,selected
ITM00016113,44.5392,7.6125,385.0,3275,2024-01-01 00:00:00,2025-12-31 00:00:00,656,northern_extratropics,0,train,lat4_lon0,92,True,selected
ITM00016144,44.6539,11.6225,10.0,8270,2024-01-01 00:00:00,2025-12-31 12:00:00,1386,northern_extratropics,0,train,lat4_lon0,92,True,selected
ITM00016245,41.6556,12.4481,12.3,8593,2024-01-01 00:00:00,2025-12-31 12:00:00,1440,northern_extratropics,0,train,lat4_lon0,92,True,selected
ITM00016332,40.2383,18.1389,49.0,8506,2024-01-01 00:00:00,2025-12-31 12:00:00,1428,northern_extratropics,0,early_val,lat4_lon0,92,True,selected
ITM00016429,37.9142,12.4914,7.3,8594,2024-01-01 00:00:00,2025-12-31 12:00:00,1434,northern_extratropics,0,test,lat4_lon0,92,True,selected
ITM00016546,39.3461,8.9675,29.0,8460,2024-01-01 00:00:00,2025-12-31 12:00:00,1417,northern_extratropics,0,calibration,lat4_lon0,92,True,selected
IVM00065548,7.2708,-7.5888,324.0,2342,2024-01-01 12:00:00,2025-10-22 12:00:00,477,tropics,5,train,lat3_lon5,7,False,outside_top20_after_southern_reservation
IZM00040650,33.3,44.4,,3970,2024-01-23 12:00:00,2025-07-12 00:00:00,716,northern_extratropics,0,train,lat4_lon0,92,True,selected
JAM00047401,45.4153,141.6786,2.8,7560,2024-01-01 00:00:00,2025-12-31 12:00:00,1461,northern_extratropics,2,train,lat4_lon2,47,True,selected
JAM00047412,43.06,141.3286,17.5,7685,2024-01-01 00:00:00,2025-12-31 12:00:00,1460,northern_extratropics,2,calibration,lat4_lon2,47,True,selected
JAM00047582,39.7172,140.0994,6.3,7904,2024-01-01 00:00:00,2025-12-31 12:00:00,1458,northern_extratropics,2,train,lat4_lon2,47,True,selected
JAM00047646,36.0581,140.1258,25.2,8054,2024-01-01 00:00:00,2025-12-31 12:00:00,1452,northern_extratropics,2,train,lat4_lon2,47,True,selected
JAM00047678,33.1217,139.7792,151.2,7255,2024-01-01 00:00:00,2025-12-31 12:00:00,1437,northern_extratropics,2,train,lat4_lon2,47,True,selected
JAM00047741,35.4572,133.0656,16.9,6549,2024-05-23 00:00:00,2025-12-31 12:00:00,1166,northern_extratropics,2,train,lat4_lon2,47,True,selected
JAM00047778,33.4503,135.7572,67.5,6561,2024-05-23 00:00:00,2025-12-31 12:00:00,1162,northern_extratropics,2,test,lat4_lon2,47,True,selected
JAM00047807,33.5822,130.3764,2.5,8216,2024-01-01 00:00:00,2025-12-31 12:00:00,1448,northern_extratropics,2,train,lat4_lon2,47,True,selected
JAM00047827,31.555,130.548,3.9,8389,2024-01-01 00:00:00,2025-12-31 12:00:00,1440,northern_extratropics,2,early_val,lat4_lon2,47,True,selected
JAM00047909,28.385,129.4947,3.3,7118,2024-01-01 00:00:00,2025-12-31 00:00:00,1432,tropics,2,early_val,lat3_lon2,18,True,selected
JAM00047918,24.3367,124.1644,5.7,8574,2024-01-01 00:00:00,2025-12-31 12:00:00,1438,tropics,2,train,lat3_lon2,18,True,selected
JAM00047945,25.8289,131.2286,15.3,8580,2024-01-01 00:00:00,2025-12-31 12:00:00,1438,tropics,2,train,lat3_lon2,18,True,selected
JAM00047971,27.0922,142.1914,2.7,8714,2024-01-01 00:00:00,2025-12-31 12:00:00,1457,tropics,2,train,lat3_lon2,18,True,selected
JAM00047991,24.2883,153.9833,7.1,8761,2024-01-01 00:00:00,2025-12-31 12:00:00,1462,tropics,2,train,lat3_lon2,18,True,selected
JMM00078397,17.9333,-76.7833,14.0,8347,2024-01-01 00:00:00,2025-12-31 12:00:00,1404,tropics,4,test,lat3_lon4,27,True,selected
JNM00001001,70.9397,-8.6678,9.0,6352,2024-01-01 00:00:00,2025-12-31 12:00:00,1176,northern_extratropics,5,train,lat5_lon5,8,False,outside_top20_after_southern_reservation
KEM00063741,-1.3012,36.7597,1796.2,1491,2024-01-01 00:00:00,2025-10-22 00:00:00,497,tropics,0,calibration,lat2_lon0,8,True,selected
KSM00047138,36.032,129.38,3.9,8725,2024-01-01 00:00:00,2025-12-31 12:00:00,1459,northern_extratropics,2,train,lat4_lon2,47,True,selected
KSM00047155,35.1702,128.5728,35.0,8690,2024-01-01 00:00:00,2025-12-31 12:00:00,1460,northern_extratropics,2,train,lat4_lon2,47,True,selected
KSM00047169,34.6872,125.451,75.1,8427,2024-01-01 00:00:00,2025-12-31 12:00:00,1457,northern_extratropics,2,train,lat4_lon2,47,True,selected
KSM00047186,33.3315,126.6784,246.3,7324,2024-01-01 00:00:00,2025-12-31 12:00:00,1459,northern_extratropics,2,train,lat4_lon2,47,True,selected
KSM00047230,37.2645,126.103,12.0,8270,2024-01-01 00:00:00,2025-12-31 12:00:00,1399,northern_extratropics,2,calibration,lat4_lon2,47,True,selected
KZM00028951,53.2993,63.6104,171.0,7590,2024-01-01 00:00:00,2025-12-31 12:00:00,1440,northern_extratropics,1,train,lat4_lon1,79,True,selected
KZM00035229,50.2579,57.2235,219.3,7340,2024-01-01 00:00:00,2025-12-31 12:00:00,1430,northern_extratropics,0,train,lat4_lon0,92,True,selected
KZM00035394,49.8,73.15,552.2,7049,2024-01-01 00:00:00,2025-12-31 12:00:00,1427,northern_extratropics,1,early_val,lat4_lon1,79,True,selected
KZM00035671,47.8,67.7167,344.7,7195,2024-01-01 00:00:00,2025-12-31 12:00:00,1440,northern_extratropics,1,train,lat4_lon1,79,True,selected
KZM00035700,47.1161,51.8836,-23.7,7787,2024-01-01 00:00:00,2025-12-31 12:00:00,1316,northern_extratropics,0,train,lat4_lon0,92,True,selected
KZM00036003,52.2003,77.0702,120.0,8108,2024-01-01 00:00:00,2025-12-31 12:00:00,1457,northern_extratropics,1,train,lat4_lon1,79,True,selected
KZM00036872,43.3636,77.0042,660.0,7111,2024-01-01 00:00:00,2025-12-31 12:00:00,1429,northern_extratropics,1,train,lat4_lon1,79,True,selected
KZM00038064,44.7688,65.5265,127.0,7802,2024-01-01 12:00:00,2025-12-31 12:00:00,1415,northern_extratropics,1,train,lat4_lon1,79,True,selected
KZM00038341,42.85,71.3,651.3,5714,2024-01-01 00:00:00,2025-12-31 12:00:00,1260,northern_extratropics,1,train,lat4_lon1,79,True,selected
LHM00026629,54.8839,23.8358,76.1,3677,2024-01-01 00:00:00,2025-12-31 12:00:00,691,northern_extratropics,0,train,lat4_lon0,92,True,selected
LOM00011952,49.0347,20.3233,703.0,7202,2024-01-01 00:00:00,2025-12-31 12:00:00,1462,northern_extratropics,0,test,lat4_lon0,92,True,selected
MGM00044212,49.9714,92.0778,939.1,2832,2024-01-01 12:00:00,2025-12-31 12:00:00,695,northern_extratropics,1,train,lat4_lon1,79,True,selected
MGM00044231,49.6384,100.167,1291.0,2841,2024-01-01 00:00:00,2025-12-31 00:00:00,711,northern_extratropics,1,train,lat4_lon1,79,True,selected
MGM00044292,47.9184,106.8479,1303.3,5714,2024-01-01 00:00:00,2025-12-31 12:00:00,1431,northern_extratropics,1,train,lat4_lon1,79,True,selected
MGM00044373,43.5772,104.4181,1462.0,4810,2024-01-01 00:00:00,2025-12-31 12:00:00,1353,northern_extratropics,1,train,lat4_lon1,79,True,selected
MLM00048811,21.3572,0.0103,475.1,3467,2024-01-01 00:00:00,2025-12-31 00:00:00,695,tropics,0,early_val,lat3_lon0,14,True,selected
MLM00061291,12.5333,-7.95,380.0,2972,2024-02-02 12:00:00,2025-07-04 00:00:00,598,tropics,5,train,lat3_lon5,7,False,outside_top20_after_southern_reservation
MOM00060155,33.5667,-7.6667,56.0,2821,2024-01-01 00:00:00,2025-12-31 00:00:00,484,northern_extratropics,5,train,lat4_lon5,19,True,selected
MOM00060253,30.5,-8.8167,264.0,2463,2024-01-01 00:00:00,2025-12-25 00:00:00,617,northern_extratropics,5,train,lat4_lon5,19,True,selected
MUM00041256,23.6087,58.2615,2.0,3693,2024-01-02 00:00:00,2025-12-30 00:00:00,641,tropics,0,test,lat3_lon0,14,True,selected
MXM00076256,27.9573,-110.7973,10.0,7866,2024-01-01 00:00:00,2025-12-31 12:00:00,1318,tropics,4,calibration,lat3_lon4,27,True,selected
MXM00076405,24.1288,-110.3206,22.0,5015,2024-01-02 00:00:00,2025-12-10 12:00:00,837,tropics,4,test,lat3_lon4,27,True,selected
MXM00076458,23.2173,-106.4111,3.0,8078,2024-01-01 12:00:00,2025-12-31 12:00:00,1363,tropics,4,train,lat3_lon4,27,True,selected
MXM00076526,22.7465,-102.5066,2265.0,3072,2024-01-02 00:00:00,2025-12-31 12:00:00,1024,tropics,4,train,lat3_lon4,27,True,selected
MXM00076595,21.029,-86.8521,9.0,7361,2024-01-01 12:00:00,2025-12-31 12:00:00,1243,tropics,4,train,lat3_lon4,27,True,selected
MXM00076612,20.7065,-103.3923,1554.0,4063,2024-01-01 00:00:00,2025-12-31 12:00:00,1350,tropics,4,train,lat3_lon4,27,True,selected
MXM00076644,20.9468,-89.6521,10.0,7680,2024-01-02 00:00:00,2025-12-09 00:00:00,1294,tropics,4,calibration,lat3_lon4,27,True,selected
MXM00076654,19.0445,-104.3185,2.0,8026,2024-01-01 00:00:00,2025-12-31 12:00:00,1346,tropics,4,early_val,lat3_lon4,27,True,selected
MXM00076679,19.4037,-99.1966,2337.0,3951,2024-01-01 00:00:00,2025-12-31 12:00:00,1317,tropics,4,train,lat3_lon4,27,True,selected
MXM00076692,19.143,-96.1113,11.0,7546,2024-01-01 00:00:00,2025-12-31 12:00:00,1271,tropics,4,train,lat3_lon4,27,True,selected
MXM00076743,17.981,-92.9215,6.0,7870,2024-01-02 00:00:00,2025-12-31 12:00:00,1322,tropics,4,test,lat3_lon4,27,True,selected
MYM00048601,5.3,100.2667,2.0,8297,2024-01-01 00:00:00,2025-12-31 12:00:00,1399,tropics,1,train,lat3_lon1,76,True,selected
MYM00048615,6.1667,102.3006,4.4,4221,2024-01-01 00:00:00,2025-12-31 00:00:00,709,tropics,1,train,lat3_lon1,76,True,selected
MYM00048650,2.7308,101.7031,16.1,8072,2024-01-01 00:00:00,2025-12-31 12:00:00,1352,tropics,1,test,lat3_lon1,76,True,selected
MYM00048657,3.7722,103.2119,15.2,4135,2024-01-01 00:00:00,2025-12-31 00:00:00,692,tropics,1,early_val,lat3_lon1,76,True,selected
MYM00096413,1.4903,110.3525,20.9,8135,2024-01-01 00:00:00,2025-12-31 12:00:00,1371,tropics,1,early_val,lat3_lon1,76,True,selected
MYM00096441,3.12,113.0246,23.0,4100,2024-01-01 00:00:00,2025-12-31 00:00:00,692,tropics,1,train,lat3_lon1,76,True,selected
MYM00096471,5.9333,116.05,2.1,7643,2024-01-01 00:00:00,2025-12-31 12:00:00,1280,tropics,1,early_val,lat3_lon1,76,True,selected
MYM00096481,4.2667,117.8833,18.0,4143,2024-01-01 00:00:00,2025-12-31 00:00:00,697,tropics,1,train,lat3_lon1,76,True,selected
NCM00091592,-22.2761,166.4528,70.0,8243,2024-01-01 00:00:00,2025-12-31 12:00:00,1400,tropics,2,train,lat2_lon2,17,True,selected
NFM00094996,-29.0389,167.9408,113.0,4102,2024-01-01 00:00:00,2025-12-31 00:00:00,707,tropics,2,train,lat2_lon2,17,True,selected
NGM00061024,16.9667,7.9833,501.0,2579,2024-01-12 12:00:00,2025-12-31 12:00:00,517,tropics,0,train,lat3_lon0,14,True,selected
NGM00061052,13.2841,2.1147,215.1,6371,2024-01-01 00:00:00,2025-11-29 00:00:00,1279,tropics,0,train,lat3_lon0,14,True,selected
NLM00006260,52.1,5.1833,2.0,5111,2024-01-01 00:00:00,2025-12-31 00:00:00,864,northern_extratropics,0,train,lat4_lon0,92,True,selected
NOM00001010,69.3073,16.1312,10.0,7710,2024-01-01 00:00:00,2025-12-31 12:00:00,1375,northern_extratropics,0,test,lat5_lon0,19,True,selected
NOM00001241,63.7045,9.6105,10.0,5613,2024-01-01 00:00:00,2025-12-31 12:00:00,1410,northern_extratropics,0,train,lat5_lon0,19,True,selected
NOM00001400,56.5422,3.2236,50.0,7801,2024-01-01 00:00:00,2025-12-30 12:00:00,1334,northern_extratropics,0,train,lat4_lon0,92,True,selected
NOM00001415,58.8725,5.6645,33.0,7905,2024-01-01 00:00:00,2025-12-31 12:00:00,1400,northern_extratropics,0,train,lat4_lon0,92,True,selected
NZM00093112,-36.7928,174.6214,30.0,8300,2024-01-01 00:00:00,2025-12-31 12:00:00,1398,southern_extratropics,2,train,lat1_lon2,12,True,selected
NZM00093417,-40.9044,174.9839,6.0,8296,2024-01-01 00:00:00,2025-12-31 12:00:00,1397,southern_extratropics,2,test,lat1_lon2,12,True,selected
NZM00093844,-46.4173,168.3304,1.0,8355,2024-01-01 00:00:00,2025-12-31 12:00:00,1427,southern_extratropics,2,calibration,lat1_lon2,12,True,selected
PFM00059981,16.8333,112.3333,,8333,2024-01-01 00:00:00,2025-12-31 12:00:00,1455,tropics,1,train,lat3_lon1,76,True,selected
PLM00012120,54.7536,17.5347,1.8,7717,2024-01-01 00:00:00,2025-12-31 12:00:00,1332,northern_extratropics,0,test,lat4_lon0,92,True,selected
PLM00012374,52.4078,20.9564,94.2,7620,2024-01-01 00:00:00,2025-12-31 12:00:00,1354,northern_extratropics,0,calibration,lat4_lon0,92,True,selected
PLM00012425,51.1131,16.8811,119.6,7774,2024-01-02 12:00:00,2025-12-31 12:00:00,1396,northern_extratropics,0,early_val,lat4_lon0,92,True,selected
PLM00012575,50.03,20.9844,209.1,6698,2024-01-01 00:00:00,2025-12-31 12:00:00,1325,northern_extratropics,0,train,lat4_lon0,92,True,selected
PMM00078807,8.9667,-79.5667,7.0,4146,2024-01-02 12:00:00,2025-12-31 12:00:00,692,tropics,4,train,lat3_lon4,27,True,selected
POM00008508,38.7678,-27.0872,72.0,3961,2024-01-01 12:00:00,2025-12-31 12:00:00,689,northern_extratropics,5,train,lat4_lon5,19,True,selected
POM00008522,32.6475,-16.8925,58.0,4320,2024-01-01 12:00:00,2025-12-31 12:00:00,731,northern_extratropics,5,train,lat4_lon5,19,True,selected
POM00008536,38.7892,-9.1352,103.0,7973,2024-01-01 00:00:00,2025-12-31 12:00:00,1416,northern_extratropics,5,early_val,lat4_lon5,19,True,selected
PSM00091408,7.3333,134.4833,30.0,8095,2024-01-01 00:00:00,2025-12-31 12:00:00,1445,tropics,2,calibration,lat3_lon2,18,True,selected
QAM00041169,25.2731,51.6081,,3958,2024-01-01 00:00:00,2025-12-30 00:00:00,688,tropics,0,early_val,lat3_lon0,14,True,selected
REM00061980,-20.8925,55.5286,20.0,6182,2024-01-01 00:00:00,2025-12-31 12:00:00,1040,tropics,0,train,lat2_lon0,8,True,selected
RMM00091376,7.0683,171.2942,3.9,7990,2024-01-01 00:00:00,2025-12-31 12:00:00,1383,tropics,2,test,lat3_lon2,18,True,selected
ROM00015420,44.5104,26.0782,90.0,8557,2024-01-01 00:00:00,2025-12-31 12:00:00,1460,northern_extratropics,0,train,lat4_lon0,92,True,selected
RPM00098223,18.1831,120.5348,5.1,8539,2024-01-01 00:00:00,2025-12-31 00:00:00,1438,tropics,2,train,lat3_lon2,18,True,selected
RPM00098233,17.6478,121.7584,58.8,2790,2024-01-01 00:00:00,2025-12-31 00:00:00,705,tropics,2,train,lat3_lon2,18,True,selected
RPM00098433,14.5812,121.3693,646.0,5339,2024-01-01 00:00:00,2025-12-31 12:00:00,1344,tropics,2,train,lat3_lon2,18,True,selected
RPM00098444,13.1508,123.7283,15.5,7969,2024-01-01 00:00:00,2025-12-31 12:00:00,1332,tropics,2,train,lat3_lon2,18,True,selected
RPM00098558,11.0456,125.7555,60.0,2531,2024-02-01 12:00:00,2025-12-30 00:00:00,637,tropics,2,test,lat3_lon2,18,True,selected
RPM00098618,9.7401,118.7586,14.9,4780,2024-01-01 00:00:00,2025-12-31 12:00:00,1211,tropics,1,test,lat3_lon1,76,True,selected
RPM00098753,7.128,125.6548,17.0,4462,2024-01-01 00:00:00,2025-12-31 12:00:00,1122,tropics,2,test,lat3_lon2,18,True,selected
RQM00078526,18.4317,-65.9919,4.0,8515,2024-01-01 00:00:00,2025-12-31 12:00:00,1436,tropics,4,train,lat3_lon4,27,True,selected
RSM00020046,80.6264,58.0589,21.0,6212,2024-01-20 00:00:00,2025-12-31 12:00:00,1077,northern_extratropics,0,train,lat5_lon0,19,True,selected
RSM00020292,77.7131,104.2919,12.0,7854,2024-01-01 00:00:00,2025-12-31 12:00:00,1357,northern_extratropics,1,test,lat5_lon1,13,True,selected
RSM00020674,73.5136,80.4064,42.0,6349,2024-01-01 00:00:00,2025-12-31 12:00:00,1144,northern_extratropics,1,train,lat5_lon1,13,True,selected
RSM00020744,72.3744,52.7161,18.0,5269,2024-01-01 00:00:00,2025-12-28 00:00:00,915,northern_extratropics,0,test,lat5_lon0,19,True,selected
RSM00021824,71.5833,128.9167,6.0,7539,2024-01-01 00:00:00,2025-12-30 00:00:00,1281,northern_extratropics,2,train,lat5_lon2,11,True,selected
RSM00021946,70.6167,147.8833,44.0,7829,2024-01-01 00:00:00,2025-12-31 12:00:00,1377,northern_extratropics,2,test,lat5_lon2,11,True,selected
RSM00022008,68.9833,33.1167,121.0,7668,2024-01-01 00:00:00,2025-12-31 12:00:00,1456,northern_extratropics,0,train,lat5_lon0,19,True,selected
RSM00022217,67.1692,32.3542,26.0,7894,2024-01-01 00:00:00,2025-12-31 12:00:00,1419,northern_extratropics,0,train,lat5_lon0,19,True,selected
RSM00022271,67.8767,44.1742,4.8,8210,2024-01-01 00:00:00,2025-12-31 12:00:00,1427,northern_extratropics,0,calibration,lat5_lon0,19,True,selected
RSM00022522,64.95,34.65,8.0,8242,2024-01-01 00:00:00,2025-12-31 12:00:00,1429,northern_extratropics,0,early_val,lat5_lon0,19,True,selected
RSM00022543,64.6247,40.5114,4.0,8348,2024-01-01 00:00:00,2025-12-31 12:00:00,1441,northern_extratropics,0,train,lat5_lon0,19,True,selected
RSM00022820,61.8167,34.2667,110.0,7777,2024-01-01 00:00:00,2025-12-31 12:00:00,1429,northern_extratropics,0,test,lat5_lon0,19,True,selected
RSM00022845,61.5067,38.9347,124.0,7783,2024-01-01 00:00:00,2025-12-31 12:00:00,1448,northern_extratropics,0,train,lat5_lon0,19,True,selected
RSM00023078,69.3472,88.2639,60.0,7724,2024-01-01 12:00:00,2025-12-31 12:00:00,1393,northern_extratropics,1,train,lat5_lon1,13,True,selected
RSM00023205,67.625,53.0175,5.4,8007,2024-01-01 00:00:00,2025-12-31 12:00:00,1400,northern_extratropics,0,train,lat5_lon0,19,True,selected
RSM00023330,66.5319,66.6744,14.8,8424,2024-01-01 12:00:00,2025-12-31 12:00:00,1457,northern_extratropics,1,train,lat5_lon1,13,True,selected
RSM00023415,65.1167,57.1,56.0,8091,2024-01-01 00:00:00,2025-12-31 12:00:00,1455,northern_extratropics,0,train,lat5_lon0,19,True,selected
RSM00023472,65.7944,87.9889,42.0,8162,2024-01-01 00:00:00,2025-12-31 12:00:00,1435,northern_extratropics,1,train,lat5_lon1,13,True,selected
RSM00023802,61.6767,50.7806,116.0,7919,2024-01-01 00:00:00,2025-12-31 12:00:00,1457,northern_extratropics,0,train,lat5_lon0,19,True,selected
RSM00023884,61.5806,90.0306,62.0,8205,2024-01-01 00:00:00,2025-12-31 12:00:00,1446,northern_extratropics,1,calibration,lat5_lon1,13,True,selected
RSM00023921,60.6833,60.45,93.0,7275,2024-01-01 00:00:00,2025-12-31 12:00:00,1309,northern_extratropics,1,calibration,lat5_lon1,13,True,selected
RSM00023933,61.0278,69.1189,44.0,7428,2024-01-01 00:00:00,2025-12-31 12:00:00,1314,northern_extratropics,1,train,lat5_lon1,13,True,selected
RSM00023955,60.4333,77.8667,47.0,8002,2024-01-01 00:00:00,2025-12-31 12:00:00,1411,northern_extratropics,1,train,lat5_lon1,13,True,selected
RSM00024122,68.5,112.4333,207.0,6801,2024-01-01 12:00:00,2025-12-31 12:00:00,1336,northern_extratropics,1,calibration,lat5_lon1,13,True,selected
RSM00024266,67.5667,133.4,135.9,7476,2024-01-01 00:00:00,2025-12-31 12:00:00,1388,northern_extratropics,2,test,lat5_lon2,11,True,selected
RSM00024343,66.7667,123.4,87.8,7563,2024-01-01 00:00:00,2025-12-31 12:00:00,1366,northern_extratropics,2,early_val,lat5_lon2,11,True,selected
RSM00024507,64.2694,100.2167,188.0,7478,2024-01-01 00:00:00,2025-12-31 12:00:00,1444,northern_extratropics,1,train,lat5_lon1,13,True,selected
RSM00024641,63.7833,121.6167,110.8,7855,2024-01-01 00:00:00,2025-12-31 12:00:00,1452,northern_extratropics,2,train,lat5_lon2,11,True,selected
RSM00024688,63.25,143.15,740.3,6272,2024-01-01 00:00:00,2025-12-31 12:00:00,1431,northern_extratropics,2,train,lat5_lon2,11,True,selected
RSM00024726,62.5333,113.8667,351.2,7243,2024-01-01 00:00:00,2025-12-31 12:00:00,1456,northern_extratropics,1,train,lat5_lon1,13,True,selected
RSM00024908,60.3361,102.2944,258.8,7319,2024-01-01 00:00:00,2025-12-31 12:00:00,1441,northern_extratropics,1,calibration,lat5_lon1,13,True,selected
RSM00024947,60.3667,120.4167,134.7,7734,2024-01-01 00:00:00,2025-12-31 12:00:00,1459,northern_extratropics,2,test,lat5_lon2,11,True,selected
RSM00024959,62.0167,129.7167,98.2,7948,2024-01-01 00:00:00,2025-12-31 12:00:00,1456,northern_extratropics,2,train,lat5_lon2,11,True,selected
RSM00025123,68.75,161.2833,32.0,8345,2024-01-01 00:00:00,2025-12-31 12:00:00,1428,northern_extratropics,2,early_val,lat5_lon2,11,True,selected
RSM00025403,65.7333,150.9,47.2,8119,2024-01-01 12:00:00,2025-12-31 12:00:00,1404,northern_extratropics,2,train,lat5_lon2,11,True,selected
RSM00025703,62.9167,152.4167,206.1,6396,2024-01-01 00:00:00,2025-12-31 12:00:00,1321,northern_extratropics,2,train,lat5_lon2,11,True,selected
RSM00025913,59.55,150.7833,115.3,7721,2024-01-01 00:00:00,2025-12-31 12:00:00,1458,northern_extratropics,2,train,lat4_lon2,47,True,selected
RSM00026075,59.95,30.7,72.0,5589,2024-01-01 00:00:00,2025-12-31 12:00:00,996,northern_extratropics,0,train,lat4_lon0,92,True,selected
RSM00026298,57.8833,34.0333,186.0,7287,2024-01-01 00:00:00,2025-12-31 12:00:00,1408,northern_extratropics,0,train,lat4_lon0,92,True,selected
RSM00026477,56.35,30.6167,97.0,8024,2024-01-01 00:00:00,2025-12-31 12:00:00,1434,northern_extratropics,0,early_val,lat4_lon0,92,True,selected
RSM00026708,54.6964,20.7658,14.1,8359,2024-01-01 00:00:00,2025-12-31 12:00:00,1422,northern_extratropics,0,train,lat4_lon0,92,True,selected
RSM00026781,54.75,32.0667,240.0,7114,2024-01-01 00:00:00,2025-12-31 12:00:00,1413,northern_extratropics,0,calibration,lat4_lon0,92,True,selected
RSM00027038,59.3183,39.9256,124.7,7860,2024-01-01 00:00:00,2025-12-31 12:00:00,1456,northern_extratropics,0,train,lat4_lon0,92,True,selected
RSM00027199,58.5667,49.5667,156.5,7696,2024-01-01 00:00:00,2025-12-31 12:00:00,1447,northern_extratropics,0,train,lat4_lon0,92,True,selected
RSM00027594,55.8153,48.5106,126.5,7559,2024-01-01 00:00:00,2025-12-31 12:00:00,1380,northern_extratropics,0,calibration,lat4_lon0,92,True,selected
RSM00027707,54.1,35.35,237.0,7050,2024-01-01 00:00:00,2025-12-31 12:00:00,1394,northern_extratropics,0,train,lat4_lon0,92,True,selected
RSM00027713,55.93,37.5183,187.0,6881,2024-01-01 00:00:00,2025-12-31 12:00:00,1329,northern_extratropics,0,train,lat4_lon0,92,True,selected
RSM00027730,54.6333,39.7,155.0,7008,2024-01-01 00:00:00,2025-12-31 12:00:00,1314,northern_extratropics,0,train,lat4_lon0,92,True,selected
RSM00027962,53.1228,45.0189,169.5,7126,2024-01-01 00:00:00,2025-12-31 12:00:00,1350,northern_extratropics,0,early_val,lat4_lon0,92,True,selected
RSM00027995,52.9833,49.4333,44.7,8471,2024-01-01 00:00:00,2025-12-31 12:00:00,1443,northern_extratropics,0,calibration,lat4_lon0,92,True,selected
RSM00028225,57.9583,56.1972,170.0,6390,2024-01-01 00:00:00,2025-12-31 12:00:00,1233,northern_extratropics,0,train,lat4_lon0,92,True,selected
RSM00028275,58.15,68.25,55.3,8293,2024-01-01 00:00:00,2025-12-31 12:00:00,1439,northern_extratropics,1,early_val,lat4_lon1,79,True,selected
RSM00028445,56.7333,61.0667,286.1,6847,2024-01-01 00:00:00,2025-12-31 12:00:00,1377,northern_extratropics,1,calibration,lat4_lon1,79,True,selected
RSM00028661,55.4567,65.4011,70.8,8105,2024-01-01 00:00:00,2025-12-31 12:00:00,1441,northern_extratropics,1,test,lat4_lon1,79,True,selected
RSM00028695,54.9333,73.4,89.0,8185,2024-01-01 00:00:00,2025-12-31 12:00:00,1451,northern_extratropics,1,calibration,lat4_lon1,79,True,selected
RSM00028722,54.7106,55.815,103.6,7637,2024-01-01 00:00:00,2025-12-31 12:00:00,1355,northern_extratropics,0,calibration,lat4_lon0,92,True,selected
RSM00029231,58.3167,82.95,72.9,7378,2024-01-01 00:00:00,2025-12-31 12:00:00,1341,northern_extratropics,1,early_val,lat4_lon1,79,True,selected
RSM00029263,58.4528,92.2028,76.9,8149,2024-01-01 00:00:00,2025-12-31 12:00:00,1444,northern_extratropics,1,train,lat4_lon1,79,True,selected
RSM00029282,58.3833,97.45,131.0,7682,2024-01-01 00:00:00,2025-12-31 12:00:00,1428,northern_extratropics,1,train,lat4_lon1,79,True,selected
RSM00029572,56.1806,92.6056,204.6,7420,2024-01-01 00:00:00,2025-12-31 12:00:00,1422,northern_extratropics,1,train,lat4_lon1,79,True,selected
RSM00029612,55.3544,78.3083,118.6,7794,2024-01-01 00:00:00,2025-12-31 12:00:00,1421,northern_extratropics,1,train,lat4_lon1,79,True,selected
RSM00029634,54.9667,82.95,143.0,7629,2024-01-01 00:00:00,2025-12-31 12:00:00,1446,northern_extratropics,1,calibration,lat4_lon1,79,True,selected
RSM00029698,54.8833,99.0333,410.6,6869,2024-01-01 00:00:00,2025-12-31 12:00:00,1402,northern_extratropics,1,test,lat4_lon1,79,True,selected
RSM00029839,53.5,83.8333,140.3,5962,2024-01-01 00:00:00,2025-12-31 12:00:00,1100,northern_extratropics,1,train,lat4_lon1,79,True,selected
RSM00029862,53.7667,91.3167,253.6,7164,2024-01-01 00:00:00,2025-12-31 12:00:00,1415,northern_extratropics,1,train,lat4_lon1,79,True,selected
RSM00030054,59.45,112.5833,186.0,6678,2024-01-01 00:00:00,2025-12-31 12:00:00,1325,northern_extratropics,1,train,lat4_lon1,79,True,selected
RSM00030309,56.2833,101.75,410.8,4853,2024-01-01 12:00:00,2025-12-31 12:00:00,985,northern_extratropics,1,train,lat4_lon1,79,True,selected
RSM00030372,56.9,118.2667,709.0,5474,2024-03-15 00:00:00,2025-12-31 12:00:00,1190,northern_extratropics,1,test,lat4_lon1,79,True,selected
RSM00030557,54.4667,113.5833,995.0,4818,2024-01-01 00:00:00,2025-12-31 12:00:00,1200,northern_extratropics,1,train,lat4_lon1,79,True,selected
RSM00030635,53.4167,109.0167,459.0,6672,2024-01-01 00:00:00,2025-12-31 12:00:00,1343,northern_extratropics,1,train,lat4_lon1,79,True,selected
RSM00030673,53.75,119.7333,624.0,5771,2024-01-01 00:00:00,2025-12-31 12:00:00,1242,northern_extratropics,1,test,lat4_lon1,79,True,selected
RSM00030758,52.0833,113.4833,671.0,6851,2024-01-01 00:00:00,2025-12-31 12:00:00,1420,northern_extratropics,1,test,lat4_lon1,79,True,selected
RSM00030965,50.4,116.5167,675.0,5360,2024-01-01 00:00:00,2025-12-31 12:00:00,1110,northern_extratropics,1,test,lat4_lon1,79,True,selected
RSM00031004,58.6167,125.3667,678.4,6998,2024-01-01 00:00:00,2025-12-31 12:00:00,1455,northern_extratropics,2,test,lat4_lon2,47,True,selected
RSM00031088,59.3667,143.2,4.6,8542,2024-01-01 00:00:00,2025-12-31 12:00:00,1457,northern_extratropics,2,train,lat4_lon2,47,True,selected
RSM00031300,53.7414,127.2764,228.0,3587,2024-01-01 12:00:00,2025-12-31 12:00:00,714,northern_extratropics,2,calibration,lat4_lon2,47,True,selected
RSM00031369,53.1475,140.6939,44.8,3588,2024-01-01 12:00:00,2025-12-31 12:00:00,662,northern_extratropics,2,test,lat4_lon2,47,True,selected
RSM00031510,50.2803,127.4783,168.0,5617,2024-01-01 00:00:00,2025-12-31 12:00:00,1087,northern_extratropics,2,train,lat4_lon2,47,True,selected
RSM00031538,50.0667,132.1333,343.2,3433,2024-01-01 12:00:00,2025-12-25 12:00:00,701,northern_extratropics,2,train,lat4_lon2,47,True,selected
RSM00031736,48.5333,135.2333,72.0,6314,2024-01-01 12:00:00,2025-12-31 12:00:00,1124,northern_extratropics,2,test,lat4_lon2,47,True,selected
RSM00031770,49.0,140.3,20.5,4161,2024-01-01 00:00:00,2025-12-31 00:00:00,720,northern_extratropics,2,train,lat4_lon2,47,True,selected
RSM00031873,45.8667,133.7333,100.0,7961,2024-01-01 00:00:00,2025-12-31 12:00:00,1439,northern_extratropics,2,train,lat4_lon2,47,True,selected
RSM00031977,43.2667,132.05,77.0,7862,2024-01-01 00:00:00,2025-12-31 12:00:00,1389,northern_extratropics,2,test,lat4_lon2,47,True,selected
RSM00032061,50.9,142.1667,30.0,7233,2024-01-01 00:00:00,2025-12-31 12:00:00,1256,northern_extratropics,2,train,lat4_lon2,47,True,selected
RSM00032098,49.2167,143.1,7.0,7446,2024-01-01 00:00:00,2025-12-31 12:00:00,1273,northern_extratropics,2,train,lat4_lon2,47,True,selected
RSM00032150,46.95,142.7167,22.0,6012,2024-01-01 00:00:00,2025-07-10 12:00:00,1040,northern_extratropics,2,train,lat4_lon2,47,True,selected
RSM00032215,50.6833,156.1333,24.0,6502,2024-01-01 00:00:00,2025-12-31 12:00:00,1145,northern_extratropics,2,early_val,lat4_lon2,47,True,selected
RSM00032389,56.3167,160.8333,28.0,7909,2024-01-01 00:00:00,2025-12-31 12:00:00,1410,northern_extratropics,2,train,lat4_lon2,47,True,selected
RSM00032477,54.3,155.9167,25.0,7343,2024-01-01 00:00:00,2025-12-30 00:00:00,1287,northern_extratropics,2,train,lat4_lon2,47,True,selected
RSM00032540,53.0833,158.5833,78.0,7573,2024-01-01 00:00:00,2025-12-31 00:00:00,1398,northern_extratropics,2,train,lat4_lon2,47,True,selected
RSM00032618,55.2,165.9833,16.0,7290,2024-01-01 00:00:00,2025-12-31 12:00:00,1279,northern_extratropics,2,train,lat4_lon2,47,True,selected
RSM00034009,51.7667,36.1667,246.4,5852,2024-01-01 00:00:00,2025-12-31 12:00:00,1246,northern_extratropics,0,early_val,lat4_lon0,92,True,selected
RSM00034122,51.65,39.25,100.0,5761,2024-01-01 00:00:00,2025-12-31 12:00:00,1138,northern_extratropics,0,test,lat4_lon0,92,True,selected
RSM00034172,51.5567,46.0394,162.5,6941,2024-01-01 00:00:00,2025-12-31 12:00:00,1299,northern_extratropics,0,train,lat4_lon0,92,True,selected
RSM00034247,50.4167,41.05,90.4,8138,2024-01-01 00:00:00,2025-12-31 12:00:00,1433,northern_extratropics,0,early_val,lat4_lon0,92,True,selected
RSM00034467,48.7833,44.3333,,6770,2024-01-01 00:00:00,2025-12-31 12:00:00,1243,northern_extratropics,0,early_val,lat4_lon0,92,True,selected
RSM00034731,47.25,39.8167,,6915,2024-01-01 00:00:00,2025-12-31 12:00:00,1198,northern_extratropics,0,train,lat4_lon0,92,True,selected
RSM00034858,45.9167,43.35,85.9,6204,2024-01-01 00:00:00,2025-12-31 12:00:00,1080,northern_extratropics,0,train,lat4_lon0,92,True,selected
RSM00034882,46.2833,47.9833,,8317,2024-01-01 00:00:00,2025-12-31 12:00:00,1400,northern_extratropics,0,train,lat4_lon0,92,True,selected
RSM00035121,51.6925,55.0783,114.8,8077,2024-01-01 00:00:00,2025-12-31 12:00:00,1449,northern_extratropics,0,train,lat4_lon0,92,True,selected
RSM00036096,51.7167,94.5,626.1,6970,2024-01-01 00:00:00,2025-12-31 12:00:00,1426,northern_extratropics,1,early_val,lat4_lon1,79,True,selected
RSM00037011,44.1,39.0333,94.6,7556,2024-01-01 00:00:00,2025-12-31 12:00:00,1315,northern_extratropics,0,train,lat4_lon0,92,True,selected
SAM00040373,28.3306,46.1234,357.6,7025,2024-01-01 00:00:00,2025-12-31 12:00:00,1410,tropics,0,train,lat3_lon0,14,True,selected
SAM00040375,28.3672,36.6043,767.1,6456,2024-01-01 00:00:00,2025-12-31 12:00:00,1424,tropics,0,train,lat3_lon0,14,True,selected
SAM00040394,27.435,41.6902,1001.5,5635,2024-01-01 00:00:00,2025-12-31 12:00:00,1410,tropics,0,train,lat3_lon0,14,True,selected
SAM00040417,26.4461,49.8097,14.0,7878,2024-01-01 00:00:00,2025-12-31 12:00:00,1365,tropics,0,train,lat3_lon0,14,True,selected
SAM00040430,24.5588,39.6999,635.6,7027,2024-01-01 00:00:00,2025-12-31 12:00:00,1416,tropics,0,train,lat3_lon0,14,True,selected
SAM00041024,21.6576,39.1857,16.9,8441,2024-01-01 00:00:00,2025-12-31 12:00:00,1419,tropics,0,test,lat3_lon0,14,True,selected
SAM00041112,18.2333,42.65,2084.0,4023,2024-01-01 00:00:00,2025-12-31 12:00:00,1341,tropics,0,calibration,lat3_lon0,14,True,selected
SEM00063985,-4.679,55.5308,4.0,6260,2024-01-01 12:00:00,2025-11-25 00:00:00,1045,tropics,0,test,lat2_lon0,8,True,selected
SFM00068263,-25.9105,28.2106,1524.0,3193,2024-01-01 00:00:00,2025-12-31 12:00:00,861,tropics,0,train,lat2_lon0,8,True,selected
SFM00068512,-29.6694,17.8788,1006.0,2960,2024-01-01 12:00:00,2025-12-31 12:00:00,747,tropics,0,train,lat2_lon0,8,True,selected
SFM00068592,-29.6018,31.1239,105.0,5475,2024-01-01 12:00:00,2025-12-31 12:00:00,939,tropics,0,test,lat2_lon0,8,True,selected
SFM00068816,-33.9631,18.6023,42.0,6520,2024-01-01 00:00:00,2025-12-27 12:00:00,1092,southern_extratropics,0,early_val,lat1_lon0,2,False,below_minimum
SFM00068842,-33.9864,25.6164,59.0,4246,2024-01-31 00:00:00,2025-12-31 12:00:00,729,southern_extratropics,0,train,lat1_lon0,2,False,below_minimum
SHM00061901,-15.9419,-5.6672,435.0,3100,2024-01-02 12:00:00,2025-12-31 12:00:00,621,tropics,5,train,lat2_lon5,17,True,selected
SHM00068906,-40.3495,-9.8804,54.0,5183,2024-01-01 00:00:00,2025-12-31 12:00:00,896,southern_extratropics,5,train,lat1_lon5,2,False,below_minimum
SNM00048698,1.3679,103.9824,14.0,3560,2024-01-01 00:00:00,2025-12-31 00:00:00,750,tropics,1,train,lat3_lon1,76,True,selected
SPM00008001,43.3658,-8.4214,58.0,8136,2024-01-01 00:00:00,2025-12-31 12:00:00,1427,northern_extratropics,5,train,lat4_lon5,19,True,selected
SPM00008023,43.4911,-3.8006,52.0,8484,2024-01-01 00:00:00,2025-12-31 12:00:00,1433,northern_extratropics,5,train,lat4_lon5,19,True,selected
SPM00008190,41.3844,2.1181,95.0,8103,2024-01-01 00:00:00,2025-12-31 12:00:00,1396,northern_extratropics,0,train,lat4_lon0,92,True,selected
SPM00008221,40.4667,-3.5556,609.0,7158,2024-01-01 00:00:00,2025-12-31 12:00:00,1435,northern_extratropics,5,train,lat4_lon5,19,True,selected
SPM00008302,39.6058,2.7067,47.0,7930,2024-01-01 00:00:00,2025-12-31 12:00:00,1330,northern_extratropics,0,train,lat4_lon0,92,True,selected
SPM00008383,37.2783,-6.9117,19.0,8432,2024-01-01 00:00:00,2025-12-31 12:00:00,1434,northern_extratropics,5,train,lat4_lon5,19,True,selected
SPM00008430,38.0019,-1.1708,61.0,5633,2024-01-01 00:00:00,2025-12-31 12:00:00,1411,northern_extratropics,5,train,lat4_lon5,19,True,selected
SPM00060018,28.3183,-16.3822,105.0,8482,2024-01-01 00:00:00,2025-12-31 12:00:00,1436,tropics,5,test,lat3_lon5,7,False,outside_top20_after_southern_reservation
SVM00001028,74.5167,19.0047,18.0,8073,2024-01-01 00:00:00,2025-12-31 12:00:00,1450,northern_extratropics,0,calibration,lat5_lon0,19,True,selected
SWM00002185,65.5433,22.1144,17.0,3894,2024-01-01 00:00:00,2025-12-31 00:00:00,675,northern_extratropics,0,test,lat5_lon0,19,True,selected
SWM00002365,62.5317,17.4361,3.9,4604,2024-01-01 00:00:00,2025-10-20 00:00:00,790,northern_extratropics,0,test,lat5_lon0,19,True,selected
SWM00002591,57.65,18.35,45.0,7375,2024-01-01 00:00:00,2025-12-31 12:00:00,1270,northern_extratropics,0,train,lat4_lon0,92,True,selected
SZM00006610,46.8116,6.9425,490.0,6477,2024-01-01 00:00:00,2025-12-31 12:00:00,1323,northern_extratropics,0,train,lat4_lon0,92,True,selected
THM00048327,18.7706,98.9683,313.2,4795,2024-01-01 00:00:00,2025-12-26 00:00:00,962,tropics,1,train,lat3_lon1,76,True,selected
THM00048378,16.7961,100.2758,44.0,5065,2024-04-18 00:00:00,2025-12-26 00:00:00,864,tropics,1,train,lat3_lon1,76,True,selected
THM00048381,16.4608,102.7894,187.0,4101,2024-01-01 00:00:00,2025-12-31 00:00:00,825,tropics,1,train,lat3_lon1,76,True,selected
THM00048407,15.25,104.8667,122.0,3871,2024-01-01 00:00:00,2025-12-31 00:00:00,772,tropics,1,early_val,lat3_lon1,76,True,selected
THM00048431,14.9681,102.0858,186.6,3477,2024-03-12 00:00:00,2025-12-26 00:00:00,712,tropics,1,train,lat3_lon1,76,True,selected
THM00048453,13.6664,100.6061,0.8,6851,2024-01-01 00:00:00,2025-12-31 00:00:00,1158,tropics,1,train,lat3_lon1,76,True,selected
THM00048480,12.6094,102.1039,2.9,5057,2024-01-01 00:00:00,2025-12-26 00:00:00,870,tropics,1,train,lat3_lon1,76,True,selected
THM00048500,11.835,99.8103,4.0,5211,2024-03-11 00:00:00,2025-12-26 00:00:00,870,tropics,1,calibration,lat3_lon1,76,True,selected
THM00048568,7.1819,100.6075,4.6,4543,2024-03-09 00:00:00,2025-12-31 00:00:00,769,tropics,1,test,lat3_lon1,76,True,selected
TUM00017030,41.3443,36.2558,4.0,8456,2024-01-01 00:00:00,2025-12-31 12:00:00,1447,northern_extratropics,0,early_val,lat4_lon0,92,True,selected
TUM00017064,40.9113,29.1558,18.0,8432,2024-01-01 00:00:00,2025-12-31 12:00:00,1451,northern_extratropics,0,train,lat4_lon0,92,True,selected
TUM00017095,39.9058,41.2544,1860.0,3639,2024-01-01 00:00:00,2025-12-31 12:00:00,1213,northern_extratropics,0,train,lat4_lon0,92,True,selected
TUM00017196,38.6895,35.5,1094.0,5519,2024-01-01 00:00:00,2025-12-31 12:00:00,1448,northern_extratropics,0,early_val,lat4_lon0,92,True,selected
TUM00017220,38.3949,27.0819,23.0,8299,2024-01-01 00:00:00,2025-12-31 12:00:00,1433,northern_extratropics,0,train,lat4_lon0,92,True,selected
TUM00017240,37.7851,30.5667,997.0,5518,2024-01-01 00:00:00,2025-12-31 12:00:00,1454,northern_extratropics,0,train,lat4_lon0,92,True,selected
TUM00017351,37.0041,35.3443,23.0,7773,2024-01-01 00:00:00,2025-12-31 12:00:00,1372,northern_extratropics,0,test,lat4_lon0,92,True,selected
UKM00003005,60.1392,-1.1847,82.0,7719,2024-01-01 00:00:00,2025-12-31 12:00:00,1404,northern_extratropics,5,train,lat5_lon5,8,False,outside_top20_after_southern_reservation
UKM00003238,55.0197,-1.8817,142.0,3872,2024-01-01 00:00:00,2025-12-31 00:00:00,719,northern_extratropics,5,train,lat4_lon5,19,True,selected
UKM00003354,53.0056,-1.2511,117.0,4162,2024-01-01 00:00:00,2025-12-31 00:00:00,752,northern_extratropics,5,calibration,lat4_lon5,19,True,selected
UKM00003808,50.2183,-5.3275,87.0,8015,2024-01-01 00:00:00,2025-12-31 12:00:00,1402,northern_extratropics,5,early_val,lat4_lon5,19,True,selected
UKM00003918,54.502,-6.3429,23.0,4415,2024-01-01 00:00:00,2025-12-31 00:00:00,762,northern_extratropics,5,train,lat4_lon5,19,True,selected
USM00070026,71.2889,-156.7833,11.9,7828,2024-01-01 00:00:00,2025-12-31 12:00:00,1329,northern_extratropics,3,train,lat5_lon3,9,True,selected
USM00070200,64.5072,-165.4347,6.5,7449,2024-01-01 00:00:00,2025-12-08 12:00:00,1305,northern_extratropics,3,train,lat5_lon3,9,True,selected
USM00070219,60.785,-161.84,33.0,6430,2024-01-01 00:00:00,2025-12-31 12:00:00,1155,northern_extratropics,3,train,lat5_lon3,9,True,selected
USM00070231,62.9583,-155.5977,103.0,6949,2024-01-01 00:00:00,2025-12-31 12:00:00,1316,northern_extratropics,3,test,lat5_lon3,9,True,selected
USM00070261,64.8161,-147.8766,133.7,7252,2024-01-01 00:00:00,2025-12-31 00:00:00,1401,northern_extratropics,3,train,lat5_lon3,9,True,selected
USM00070273,61.1567,-149.9863,52.1,7917,2024-01-01 00:00:00,2025-12-31 12:00:00,1431,northern_extratropics,3,train,lat5_lon3,9,True,selected
USM00070308,57.15,-170.2166,10.0,6469,2024-01-01 00:00:00,2025-08-25 12:00:00,1155,northern_extratropics,3,train,lat4_lon3,14,True,selected
USM00070316,55.2011,-162.7163,25.3,7432,2024-01-01 00:00:00,2025-12-31 12:00:00,1343,northern_extratropics,3,calibration,lat4_lon3,14,True,selected
USM00070326,58.6794,-156.6683,8.4,6758,2024-01-01 00:00:00,2025-12-31 12:00:00,1207,northern_extratropics,3,calibration,lat4_lon3,14,True,selected
USM00070350,57.7431,-152.4866,5.0,7556,2024-01-01 00:00:00,2025-12-31 12:00:00,1344,northern_extratropics,3,train,lat4_lon3,14,True,selected
USM00070361,59.5167,-139.6666,10.7,8005,2024-01-01 00:00:00,2025-12-31 12:00:00,1396,northern_extratropics,3,early_val,lat4_lon3,14,True,selected
USM00070398,55.0389,-131.5777,34.7,8252,2024-01-01 00:00:00,2025-12-31 12:00:00,1432,northern_extratropics,3,early_val,lat4_lon3,14,True,selected
USM00070414,52.7167,174.1,29.0,4025,2024-01-01 00:00:00,2025-12-30 12:00:00,708,northern_extratropics,2,test,lat4_lon2,47,True,selected
USM00072201,24.5531,-81.7886,13.4,8589,2024-01-01 00:00:00,2025-12-31 12:00:00,1444,tropics,4,train,lat3_lon4,27,True,selected
USM00072202,25.75,-80.3833,4.0,7312,2024-01-01 00:00:00,2025-12-31 00:00:00,1230,tropics,4,train,lat3_lon4,27,True,selected
USM00072206,30.4839,-81.7011,10.1,8654,2024-01-01 00:00:00,2025-12-31 12:00:00,1448,northern_extratropics,4,train,lat4_lon4,69,True,selected
USM00072208,32.895,-80.0275,13.3,8671,2024-01-01 00:00:00,2025-12-31 12:00:00,1453,northern_extratropics,4,train,lat4_lon4,69,True,selected
USM00072210,27.7053,-82.4006,13.1,8599,2024-01-01 00:00:00,2025-12-31 12:00:00,1437,tropics,4,train,lat3_lon4,27,True,selected
USM00072215,33.3558,-84.5672,244.9,7261,2024-01-01 00:00:00,2025-12-31 12:00:00,1449,northern_extratropics,4,train,lat4_lon4,69,True,selected
USM00072230,33.1789,-86.7822,174.0,7531,2024-01-01 00:00:00,2025-12-31 12:00:00,1438,northern_extratropics,4,calibration,lat4_lon4,69,True,selected
USM00072233,30.3369,-89.825,9.9,8651,2024-01-01 00:00:00,2025-12-31 12:00:00,1459,northern_extratropics,4,test,lat4_lon4,69,True,selected
USM00072235,32.3189,-90.08,90.7,8434,2024-01-01 00:00:00,2025-12-31 12:00:00,1442,northern_extratropics,4,train,lat4_lon4,69,True,selected
USM00072240,30.1253,-93.2161,4.8,7361,2024-01-01 00:00:00,2025-12-31 00:00:00,1233,northern_extratropics,4,train,lat4_lon4,69,True,selected
USM00072248,32.4511,-93.8414,85.1,7404,2024-01-01 00:00:00,2025-12-31 00:00:00,1264,northern_extratropics,4,train,lat4_lon4,69,True,selected
USM00072249,32.835,-97.2986,195.2,7316,2024-01-01 00:00:00,2025-12-31 12:00:00,1443,northern_extratropics,4,train,lat4_lon4,69,True,selected
USM00072250,25.9167,-97.4192,7.1,8611,2024-01-01 00:00:00,2025-12-31 12:00:00,1457,tropics,4,test,lat3_lon4,27,True,selected
USM00072251,27.7789,-97.5055,14.8,7497,2024-01-01 00:00:00,2025-12-31 00:00:00,1256,tropics,4,train,lat3_lon4,27,True,selected
USM00072261,29.3744,-100.9183,314.0,6108,2024-03-20 00:00:00,2025-12-31 12:00:00,1231,tropics,4,train,lat3_lon4,27,True,selected
USM00072265,31.9425,-102.1891,874.9,5279,2024-01-01 00:00:00,2025-12-31 00:00:00,1312,northern_extratropics,4,train,lat4_lon4,69,True,selected
USM00072274,32.2278,-110.9558,751.4,5646,2024-01-01 00:00:00,2025-12-31 00:00:00,1211,northern_extratropics,4,calibration,lat4_lon4,69,True,selected
USM00072293,32.8333,-117.1166,133.5,7418,2024-01-01 00:00:00,2025-12-31 12:00:00,1416,northern_extratropics,4,train,lat4_lon4,69,True,selected
USM00072305,34.7761,-76.8767,11.0,8747,2024-01-01 00:00:00,2025-12-31 12:00:00,1462,northern_extratropics,4,test,lat4_lon4,69,True,selected
USM00072317,36.0981,-79.9428,276.5,7221,2024-01-01 00:00:00,2025-12-31 12:00:00,1445,northern_extratropics,4,train,lat4_lon4,69,True,selected
USM00072318,37.2039,-80.4142,639.4,7218,2024-01-01 00:00:00,2025-12-31 12:00:00,1450,northern_extratropics,4,test,lat4_lon4,69,True,selected
USM00072327,36.2333,-86.55,180.0,7339,2024-01-01 12:00:00,2025-12-31 12:00:00,1410,northern_extratropics,4,train,lat4_lon4,69,True,selected
USM00072340,34.835,-92.2594,173.2,7358,2024-01-01 00:00:00,2025-12-31 12:00:00,1415,northern_extratropics,4,test,lat4_lon4,69,True,selected
USM00072357,35.1808,-97.4378,344.9,7169,2024-01-01 00:00:00,2025-12-31 12:00:00,1445,northern_extratropics,4,train,lat4_lon4,69,True,selected
USM00072363,35.2331,-101.7091,1095.0,4825,2024-01-01 00:00:00,2025-12-31 00:00:00,1208,northern_extratropics,4,calibration,lat4_lon4,69,True,selected
USM00072364,31.8728,-106.698,1254.0,5777,2024-01-01 00:00:00,2025-12-31 12:00:00,1448,northern_extratropics,4,train,lat4_lon4,69,True,selected
USM00072365,35.0378,-106.6219,1619.0,3642,2024-01-01 00:00:00,2025-12-31 00:00:00,1214,northern_extratropics,4,test,lat4_lon4,69,True,selected
USM00072376,35.23,-111.8216,2179.0,4065,2024-01-01 00:00:00,2025-12-31 12:00:00,1355,northern_extratropics,4,train,lat4_lon4,69,True,selected
USM00072388,36.0471,-115.1846,697.2,7125,2024-01-01 00:00:00,2025-12-31 12:00:00,1442,northern_extratropics,4,test,lat4_lon4,69,True,selected
USM00072393,34.75,-120.5666,,8162,2024-01-01 00:00:00,2025-12-31 12:00:00,1408,northern_extratropics,3,train,lat4_lon3,14,True,selected
USM00072402,37.9333,-75.4833,12.2,7616,2024-01-01 00:00:00,2025-09-30 12:00:00,1275,northern_extratropics,4,train,lat4_lon4,69,True,selected
USM00072403,38.95,-77.45,95.0,8306,2024-01-01 00:00:00,2025-12-31 12:00:00,1435,northern_extratropics,4,train,lat4_lon4,69,True,selected
USM00072426,39.4214,-83.8217,322.7,7268,2024-01-01 00:00:00,2025-12-31 12:00:00,1457,northern_extratropics,4,train,lat4_lon4,69,True,selected
USM00072440,37.2347,-93.4014,391.1,7197,2024-01-01 00:00:00,2025-12-31 12:00:00,1441,northern_extratropics,4,train,lat4_lon4,69,True,selected
USM00072451,37.7614,-99.9686,786.4,6368,2024-01-01 00:00:00,2025-12-31 12:00:00,1447,northern_extratropics,4,train,lat4_lon4,69,True,selected
USM00072456,39.0722,-95.6305,268.1,7223,2024-01-01 00:00:00,2025-12-31 12:00:00,1448,northern_extratropics,4,train,lat4_lon4,69,True,selected
USM00072476,39.12,-108.525,1474.0,4300,2024-01-01 00:00:00,2025-12-31 00:00:00,1189,northern_extratropics,4,train,lat4_lon4,69,True,selected
USM00072489,39.5681,-119.7966,1518.0,4863,2024-01-01 00:00:00,2025-12-31 12:00:00,1437,northern_extratropics,4,early_val,lat4_lon4,69,True,selected
USM00072493,37.7444,-122.2236,2.5,8461,2024-01-01 00:00:00,2025-12-31 12:00:00,1423,northern_extratropics,3,train,lat4_lon3,14,True,selected
USM00072501,40.865,-72.8628,19.6,8619,2024-01-01 00:00:00,2025-12-31 12:00:00,1454,northern_extratropics,4,early_val,lat4_lon4,69,True,selected
USM00072518,42.75,-73.8,88.0,7507,2024-01-01 00:00:00,2025-12-31 12:00:00,1338,northern_extratropics,4,train,lat4_lon4,69,True,selected
USM00072520,40.5167,-80.2167,361.0,7157,2024-01-01 00:00:00,2025-12-31 12:00:00,1441,northern_extratropics,4,train,lat4_lon4,69,True,selected
USM00072528,42.9411,-78.7189,218.4,7319,2024-01-01 00:00:00,2025-12-31 12:00:00,1454,northern_extratropics,4,calibration,lat4_lon4,69,True,selected
USM00072558,41.32,-96.3669,351.5,5598,2024-01-01 00:00:00,2025-12-31 00:00:00,1122,northern_extratropics,4,early_val,lat4_lon4,69,True,selected
USM00072572,40.7722,-111.9552,1289.0,5799,2024-01-01 00:00:00,2025-12-31 12:00:00,1452,northern_extratropics,4,early_val,lat4_lon4,69,True,selected
USM00072582,40.86,-115.7422,1593.0,4081,2024-01-01 00:00:00,2025-12-31 00:00:00,1350,northern_extratropics,4,train,lat4_lon4,69,True,selected
USM00072597,42.3769,-122.8822,398.2,5972,2024-01-01 00:00:00,2025-12-31 00:00:00,1203,northern_extratropics,3,train,lat4_lon3,14,True,selected
USM00072632,42.6989,-83.4714,330.2,7208,2024-01-01 00:00:00,2025-12-31 12:00:00,1452,northern_extratropics,4,train,lat4_lon4,69,True,selected
USM00072634,44.9075,-84.7189,447.7,7148,2024-01-01 00:00:00,2025-12-31 12:00:00,1433,northern_extratropics,4,train,lat4_lon4,69,True,selected
USM00072645,44.4986,-88.1119,209.3,6716,2024-01-01 00:00:00,2025-11-16 00:00:00,1322,northern_extratropics,4,train,lat4_lon4,69,True,selected
USM00072649,44.8497,-93.5647,290.2,7237,2024-01-01 00:00:00,2025-12-31 12:00:00,1448,northern_extratropics,4,test,lat4_lon4,69,True,selected
USM00072659,45.4556,-98.4133,398.4,6835,2024-01-01 00:00:00,2025-12-31 12:00:00,1373,northern_extratropics,4,train,lat4_lon4,69,True,selected
USM00072662,44.0453,-103.0569,965.6,4487,2024-01-01 00:00:00,2025-12-31 00:00:00,1123,northern_extratropics,4,train,lat4_lon4,69,True,selected
USM00072672,43.0647,-108.4766,1699.0,4254,2024-01-01 00:00:00,2025-12-31 12:00:00,1418,northern_extratropics,4,train,lat4_lon4,69,True,selected
USM00072681,43.5672,-116.2113,873.1,5912,2024-01-01 00:00:00,2025-12-31 12:00:00,1462,northern_extratropics,4,train,lat4_lon4,69,True,selected
USM00072694,44.9092,-123.0083,62.4,8349,2024-01-01 00:00:00,2025-12-31 12:00:00,1423,northern_extratropics,3,train,lat4_lon3,14,True,selected
USM00072712,46.8683,-68.0136,191.0,7445,2024-01-01 00:00:00,2025-12-31 12:00:00,1452,northern_extratropics,4,train,lat4_lon4,69,True,selected
USM00072747,48.5647,-93.3975,357.3,7259,2024-01-01 00:00:00,2025-12-31 12:00:00,1454,northern_extratropics,4,early_val,lat4_lon4,69,True,selected
USM00072764,46.7717,-100.7594,506.2,6611,2024-01-01 00:00:00,2025-12-31 12:00:00,1325,northern_extratropics,4,train,lat4_lon4,69,True,selected
USM00072768,48.2067,-106.6255,693.1,6964,2024-01-01 00:00:00,2025-12-31 12:00:00,1429,northern_extratropics,4,train,lat4_lon4,69,True,selected
USM00072797,47.9339,-124.5602,56.8,7408,2024-01-01 00:00:00,2025-12-31 00:00:00,1272,northern_extratropics,3,test,lat4_lon3,14,True,selected
USM00074389,43.8925,-70.2572,124.5,7110,2024-01-01 00:00:00,2025-12-31 12:00:00,1289,northern_extratropics,4,early_val,lat4_lon4,69,True,selected
USM00074455,41.6114,-90.5817,230.5,6929,2024-01-01 00:00:00,2025-12-31 00:00:00,1372,northern_extratropics,4,calibration,lat4_lon4,69,True,selected
USM00074560,40.1517,-89.3383,179.2,7573,2024-01-01 00:00:00,2025-12-31 12:00:00,1453,northern_extratropics,4,train,lat4_lon4,69,True,selected
USM00074646,36.6,-97.5,306.0,2591,2024-01-01 12:00:00,2025-12-31 12:00:00,520,northern_extratropics,4,train,lat4_lon4,69,True,selected
USM00074794,28.4667,-80.55,3.0,8424,2024-01-01 00:00:00,2025-12-31 12:00:00,1406,tropics,4,test,lat3_lon4,27,True,selected
USM00091165,21.9933,-159.3466,32.3,8453,2024-01-01 00:00:00,2025-12-31 12:00:00,1423,tropics,3,train,lat3_lon3,2,False,below_minimum
USM00091285,19.7183,-155.0583,11.0,8494,2024-01-01 00:00:00,2025-12-31 12:00:00,1426,tropics,3,train,lat3_lon3,2,False,below_minimum
VMM00048820,21.0333,105.8,5.0,8139,2024-01-01 00:00:00,2025-12-31 12:00:00,1376,tropics,1,train,lat3_lon1,76,True,selected
VMM00048839,20.1294,107.7226,7.0,3838,2024-01-01 00:00:00,2025-12-05 00:00:00,646,tropics,1,calibration,lat3_lon1,76,True,selected
VMM00048845,18.6667,105.6833,5.0,4152,2024-01-01 00:00:00,2025-12-31 00:00:00,698,tropics,1,test,lat3_lon1,76,True,selected
VMM00048855,16.0667,108.35,7.0,8209,2024-01-01 00:00:00,2025-12-31 12:00:00,1380,tropics,1,train,lat3_lon1,76,True,selected
VMM00048900,10.8167,106.6667,5.0,8143,2024-01-01 00:00:00,2025-12-31 12:00:00,1361,tropics,1,test,lat3_lon1,76,True,selected
